Factor,Model,Beg,Sns,Len,Sequence, L  a , L  a/ , L  q , L  d , L  pv , S  c , S  m , S  pv , P  pv 
_00000 Sp1,I00295 (Sp1),1757,N,6,GGGCGT ,8.91,1.49,1,0,0.86,1,1,0,0.0000071
_00000 HOXD10,I00179 (HOXD10),558,N,8,CATAAAAC ,13.15,1.64,1,0,0.11,1,1,0.11,0.013
_00000 HSTF,I00315 (HSTF),153,R,8,TTCTGGAA ,14.16,1.77,0.935,0.98,0.11,0.91,0.97,0.059,0.069
T00169 T01154 T00168 c-Rel,M00053 (V$CREL_01),414,N,10,TGAGTTTTCC ,9.01,0.9,0.606,5.86,0.79,1,0.86,0.71,0.023
T01043 T01045 T00972 HSF2,M00147 (V$HSF2_01),341,N,10,TGAGCATTCT ,6.22,0.62,0.508,6.03,1,0.7,0.89,1,0.38
_00000 USF,I00292 (USF),1614,R,6,ACGGGG ,10.23,1.7,0.912,0.98,0.86,0.91,0.96,0.62,0.86
_00000 DEF,I00073 (DEF),478,R,8,AATGTCAT ,6.29,0.79,0.498,6.34,1,0.71,0.83,0.98,0.22
_00000 TFII-I,I00216 (TFII-I),345,N,6,CATTCT ,6.96,1.16,0.638,3.95,1,0.65,0.82,1,0.087
_00000 PU.1,I00047 (PU.1),1382,N,6,TTCCGC ,8.49,1.42,0.741,2.97,0.98,1,0.92,0.95,0.007
_00000 E2F-1,I00107 (E2F-1),1345,R,8,GCGGGGAA ,11.44,1.43,0.853,1.96,0.49,0.9,0.93,0.26,0.31
_00000 HOXA5,I00184 (HOXA5),266,R,6,CTGTTG ,8.67,1.44,0.898,0.98,1,0.89,0.95,0.98,0.84
_00000 LBP-1,I00191 (LBP-1),231,R,5,CCAGC ,7.48,1.5,0.884,0.98,1,0.92,0.98,0.98,0.11
_00000 CP2,I00132 (CP2),1440,R,5,AGTGG ,7.31,1.46,0.863,1.16,1,0.9,0.95,1,0.31
_00000 AP-1,I00224 (AP-1),698,R,7,TGATTCC ,6.57,0.94,0.534,5.73,1,0.78,0.77,1,0.31
_00000 Sp1,I00032 (Sp1),1772,N,10,GGGGCGGAGT ,13.84,1.38,0.815,3.14,0.052,1,0.93,0.066,0.0000084
T00944 T01492 STAT1alpha T01493 STAT3 T01494 STAT2 T01573 STAT1beta T01574 STAT4 T01576 STAT5 T01577 STAT5A T01578 STAT5B T01579 STAT6 T01580 T01581 T01575 STAT1,M00223 (V$STAT_01),1344,R,9,TGCGGGGAA ,9.48,1.05,0.626,5.65,0.56,1,0.85,0.88,-1
_00000 CP2,I00132 (CP2),372,R,5,ATTGG ,8.48,1.7,1,0,0.98,1,1,0,0.31
_00000 LBP-1,I00280 (LBP-1),1468,N,8,CCGGCGAG ,7.64,0.96,0.525,6.92,0.79,1,0.85,0.62,0.039
_00000 GR/PR,I00104 (GR/PR),509,N,6,TGTTCC ,6.98,1.16,0.642,3.89,1,1,0.86,1,0.064
_00000 TTF-1,I00022 (TTF-1),1104,R,8,CTTGAGAG ,11.71,1.46,0.881,1.58,0.17,1,0.93,0.26,0.44
_00000 RXR-alpha,I00038 (RXR-alpha),1945,R,11,AGTCCAGAGGT ,9.55,0.87,0.607,6.18,0.68,0.61,0.85,0.79,0.002
_00000 T3R-beta,I00031 (T3R-beta),1857,N,9,GGGGGTGCC ,8.83,0.98,0.608,5.69,0.81,0.74,0.84,0.96,0.19
T00550 T01944 NF-ATx T01945 NF-ATc T01946 T01947 NF-ATc3 T01948 NFAT-1 T01949 NF-ATp T02462 NF-AT3 T00549 NF-AT,M00302 (V$NFAT_Q6),207,R,12,CTGGTTCCTCTA ,7.34,0.61,0.497,7.42,0.98,0.76,0.8,1,-1
_00000 PU.1,I00047 (PU.1),1435,R,6,CAGGAA ,8.32,1.39,0.726,3.14,0.98,1,0.88,0.98,0.007
T00550 T01944 NF-ATx T01945 NF-ATc T01946 T01947 NF-ATc3 T01948 NFAT-1 T01949 NF-ATp T02462 NF-AT3 T00549 NF-AT,M00302 (V$NFAT_Q6),1051,N,12,TTCTGGAAATAA ,8.87,0.74,0.601,5.89,0.84,1,0.94,0.82,-1
_00000 PR,I00288 (PR),397,N,6,AGTCCT ,8.01,1.33,0.776,2.31,0.99,0.97,0.89,0.99,0.12
_00000 CP2,I00132 (CP2),1201,R,5,AGTGG ,7.31,1.46,0.863,1.16,1,0.9,0.95,1,0.31
_00000 TFII-I,I00216 (TFII-I),1642,R,6,AGGGAG ,8.94,1.49,0.819,1.97,0.98,0.82,0.91,0.98,0.087
T00169 T01154 T00168 c-Rel,M00053 (V$CREL_01),1216,R,10,GAAACGCCCA ,7.43,0.74,0.5,7.44,0.95,0.61,0.82,0.98,0.023
_00000 NP-TCII,I00400 (NP-TCII),1091,R,6,GGAAAG ,11.69,1.95,1,0,0.62,1,1,0,0.62
_00000 Ets-1,I00111 (Ets-1),1434,N,10,ACAGGAAGTG ,16.32,1.63,1,0,0.0038,1,1,0,0.0018
_00000 GCF,I00152 (GCF),1385,R,8,CGCGCGGC ,11.01,1.38,0.876,1.56,0.62,0.86,0.94,0.52,0.00023
_00000 HSTF,I00315 (HSTF),153,N,8,TTCTGGAA ,8.22,1.03,0.543,6.92,0.78,1,0.86,0.22,0.069
T01043 T01045 T00972 HSF2,M00147 (V$HSF2_01),78,R,10,AGAATTTTCC ,10.35,1.04,0.845,1.9,0.41,0.99,0.98,0.28,0.38
T00308 GATA-2,M00076 (V$GATA2_01),1312,R,10,GATTATCTTA ,6,0.6,0.595,4.08,1,1,0.95,1,0.99
_00000 RAR-gamma,I00404 (RAR-gamma),1303,N,7,TCCCCTC ,7.29,1.04,0.535,6.34,1,0.75,0.86,0.22,0.62
_00000 IUF-1,I00392 (IUF-1),435,R,8,TTATGTCT ,6.08,0.76,0.454,7.32,0.97,0.91,0.89,0.69,0.88
_00000 ER,I00276 (ER),18,N,5,TGACC ,9.96,1.99,1,0,0.98,1,1,0,0.1
T00459 T00581 T00017 C/EBPbeta,M00117 (V$CEBPB_02),1263,R,14,GAGTGAAGCAAGAT ,11.66,0.83,0.753,3.83,0.2,1,0.92,0.59,0.28
_00000 TCF-1,I00029 (TCF-1),360,R,6,CCTTTC ,6.63,1.1,0.742,2.31,1,1,0.95,1,0.0011
T01043 T01045 T00972 HSF2,M00147 (V$HSF2_01),1376,R,10,GGAGGCTTCC ,6.91,0.69,0.564,5.34,1,0.99,0.93,0.95,0.38
_00000 X2BP,I00015 (X2BP),1695,R,8,TCCGTCGC ,10.45,1.31,0.78,2.95,0.6,0.91,0.89,0.69,0.5
_00000 LBP-1,I00191 (LBP-1),817,N,5,ACTGG ,7.48,1.5,0.884,0.98,1,0.92,0.98,0.98,0.11
_00000 CBP/CRF,I00135 (CBP/CRF),372,R,5,ATTGG ,9.87,1.97,1,0,0.98,1,1,0,0.98
_00000 CP2,I00132 (CP2),1995,R,5,ACTGG ,6.32,1.26,0.746,2.16,1,0.86,0.94,1,0.31
_00000 Sp1,I00295 (Sp1),1751,R,6,ACTCCC ,8.33,1.39,0.935,0.58,1,0.95,0.98,0.86,0.0000071
_00000 SRY,I00035 (SRY),1112,N,8,AACAAAGC ,13.4,1.68,0.896,1.56,0.17,1,0.95,0.059,0.023
T00032 c-Fos T00122 T00123 T00124 T00125 T00131 T00132 T00133 T00134 T01156 c-Jun T01976 T02205 T02830 T00029 AP-1,M00172 (V$AP1FJ_Q2),401,R,11,CTGTGGTCACT ,6.64,0.6,0.469,7.54,1,1,0.93,0.98,-1
_00000 GATA-1,I00109 (GATA-1),671,R,6,CTATCA ,8.94,1.49,0.896,1.04,0.98,1,0.96,0.95,0.98
_00000 YY1,I00012 (YY1),679,N,9,GCCTCCAAA ,9.28,1.03,0.719,3.62,0.81,0.98,0.91,0.85,0.82
_00000 Oct-1,I00286 (Oct-1),620,N,8,TTGCAAAG ,11.44,1.43,0.853,1.96,0.49,1,0.93,0.26,0.31
_00000 Sp1,I00295 (Sp1),1219,R,6,ACGCCC ,8.91,1.49,1,0,0.86,1,1,0,0.0000071
_00000 R2,I00041 (R2),1027,N,7,AGGGGTG ,6.64,0.95,0.617,4.11,1,0.76,0.84,1,0.53
_00000 RAR-alpha1,I00401 (RAR-alpha1),1949,R,9,CAGAGGTGA ,9.68,1.08,0.655,5.11,0.6,0.8,0.81,0.98,0.14
T00138 T00139 T00137 c-Myb,M00183 (V$MYB_Q6),87,R,10,CACAGTTTGT ,6.43,0.64,0.552,5.23,1,1,0.93,1,0.19
T00754 T00759 T00752 Sp1,M00196 (V$SP1_Q6),1711,N,13,CGGGGGCGGGGCT ,16.89,1.3,0.928,1.3,0.0016,1,0.99,0.00059,0.0000031
_00000 C/EBP,I00034 (C/EBP),619,N,10,CTTGCAAAGC ,9.04,0.9,0.742,3.14,0.89,1,0.89,1,0.11
_00000 PR,I00288 (PR),221,N,6,TTTTCT ,7.18,1.2,0.696,3.14,1,0.76,0.85,1,0.12
T00656 T00969 T00655 POU3F1,M00133 (V$TST1_01),863,R,15,TAAGTGAAAATGAGC ,8.64,0.58,0.536,7.48,0.89,0.89,0.82,0.99,0.82
_00000 AP-1,I00224 (AP-1),602,R,7,TGACCAA ,6.46,0.92,0.525,5.84,1,0.79,0.86,0.97,0.31
_00000 C/EBP,I00272 (C/EBP),785,N,9,CTTGGCAAA ,8.93,0.99,0.649,4.83,0.84,0.76,0.82,1,0.14
_00000 LBP-1,I00280 (LBP-1),1906,R,8,CTGGGCGG ,7.64,0.96,0.525,6.92,0.79,0.73,0.85,0.62,0.039
_00000 TFIID,I00291 (TFIID),1058,N,6,AATAAA ,9.45,1.58,0.858,1.56,0.95,1,0.94,0.62,0.75
_00000 PEA3,I00212 (PEA3),802,R,6,CATCCT ,10.47,1.75,0.962,0.41,0.86,1,0.98,0.86,0.1
_00000 TFIID,I00217 (TFIID),444,N,6,AATAAA ,6.32,1.05,0.556,5.05,1,0.75,0.82,1,0.76
T00759 Sp1,R01305 (),1645,R,10,GAGGCGGAGC ,20,2,1,0,0,,,,-1
T00169 T01154 T00168 c-Rel,M00053 (V$CREL_01),1215,R,10,GGAAACGCCC ,10.74,1.07,0.722,4.13,0.39,1,0.96,0.12,0.023
_00000 LBP-1,I00191 (LBP-1),897,N,5,CCTGG ,8.46,1.69,1,0,0.98,1,1,0,0.11
T00138 T00139 T00137 c-Myb,M00183 (V$MYB_Q6),577,R,10,CCAAGTTTAG ,7.4,0.74,0.635,4.26,1,1,0.93,1,0.19
_00000 AF-1,I00144 (AF-1),112,R,8,CAAAGGCC ,8.8,1.1,0.581,6.34,0.22,1,0.95,0.11,0.2
_00000 NF-S,I00202 (NF-S),1030,R,7,GGTGGCA ,6.31,0.9,0.499,6.34,1,0.75,0.84,1,0.76
_00000 RAR-gamma,I00404 (RAR-gamma),1951,R,7,GAGGTGA ,13.63,1.95,1,0,0.22,1,1,0,0.62
_00000 GHF-1,I00106 (GHF-1),954,R,8,TTGAATGA ,6.23,0.78,0.504,6.13,1,0.92,0.84,1,0.92
_00000 USF,I00368 (USF),901,R,7,GCATGTA ,6.31,0.9,0.499,6.34,1,0.71,0.84,1,0.92
T00033 AP-2alpha T00035 AP-2alphaA T02466 AP-2alphaB T02468 AP-2gamma T02469 AP-2beta T02470 T00952 AP-2,M00189 (V$AP2_Q6),1188,R,12,CTCCCCCGGACT ,9.26,0.77,0.579,6.74,0.77,0.79,0.78,1,-1
_00000 HOXA5,I00184 (HOXA5),7,R,6,CTGTTG ,8.67,1.44,0.898,0.98,1,0.89,0.95,0.98,0.84
T00550 T01944 NF-ATx T01945 NF-ATc T01946 T01947 NF-ATc3 T01948 NFAT-1 T01949 NF-ATp T02462 NF-AT3 T00549 NF-AT,M00302 (V$NFAT_Q6),808,N,12,CGCTTGAAAACT ,7.52,0.63,0.509,7.25,0.97,1,0.85,0.99,-1
T00138 T00139 T00137 c-Myb,M00183 (V$MYB_Q6),1362,N,10,CTAAACCGCG ,6.19,0.62,0.531,5.47,1,0.87,0.91,1,0.19
_00000 XBP-1,I00014 (XBP-1),7,R,8,CTGTTGCT ,10.86,1.36,0.847,1.96,0.62,0.9,0.92,0.79,0.73
T01427 p300,M00033 (V$P300_01),1329,R,14,GGACCACACCCTGA ,8.32,0.59,0.573,6.2,0.91,0.77,0.85,1,0.21
_00000 EGR-1,I00117 (EGR-1),1530,N,9,CGCCCCCGC ,16.85,1.87,1,0,0.015,1,1,0,0.069
T01042 T01525 HSF1_(long) T01044 HSF1,M00146 (V$HSF1_01),695,N,10,AGATGATTCC ,8,0.8,0.589,5.59,0.96,0.79,0.87,1,0.56
_00000 TFIID,I00338 (TFIID),486,N,6,TATTTA ,10.11,1.68,0.937,0.68,0.86,0.93,0.97,0.86,0.98
_00000 TCF-1,I00029 (TCF-1),364,R,6,TCTTTG ,8.26,1.38,0.924,0.68,0.86,1,0.99,0.62,0.0011
_00000 MBF-1,I00083 (MBF-1),1255,N,6,TTTTAG ,10.24,1.71,0.946,0.58,0.86,1,0.98,0.62,0.35
_00000 C/EBP,I00034 (C/EBP),82,N,10,TTTTCCACAG ,7.96,0.8,0.653,4.22,0.98,0.94,0.91,0.99,0.11
T01427 p300,M00033 (V$P300_01),1880,N,14,CCCGGAAGTGGGTC ,8.92,0.64,0.615,5.6,0.76,0.85,0.92,0.74,0.21
T01427 p300,M00033 (V$P300_01),48,N,14,TTCAGGAGTTCTGG ,7.64,0.55,0.526,6.88,0.98,1,0.91,0.86,0.21
T00032 c-Fos T00122 T00123 T00124 T00125 T00131 T00132 T00133 T00134 T01156 c-Jun T01976 T02205 T02830 T00029 AP-1,M00172 (V$AP1FJ_Q2),517,R,11,ATTTTGTCACG ,9.01,0.82,0.635,5.17,0.88,1,0.94,0.72,-1
T00534 T00535 T00536 T00537 T00538 T00539 T01036 T01298 T00533 NF-1,M00193 (V$NF1_Q6),784,N,18,ACTTGGCAAATAATTCAG ,9.97,0.55,0.579,7.25,0.6,1,0.93,0.62,0.086
_00000 C/EBP,I00034 (C/EBP),884,N,10,CTTTCAGCAG ,7.64,0.76,0.627,4.54,0.99,0.94,0.92,0.99,0.11
_00000 ARP-1,I00142 (ARP-1),386,N,8,TGACCTTT ,13.51,1.69,1,0,0.11,1,1,0.11,0.038
_00000 DEF,I00073 (DEF),351,N,8,TTGGCATT ,7.28,0.91,0.576,5.36,0.86,0.86,0.95,0.39,0.22
_00000 NF1,I00296 (NF1),1584,R,6,GCCCAG ,6.53,1.09,0.628,3.87,1,0.81,0.82,1,0.00049
_00000 Net,I00058 (Net),1800,R,8,ACTTCCTC ,8.26,1.03,0.566,6.34,0.94,0.75,0.86,0.94,0.0083
_00000 NF-kB,I00001 (NF-kB),1215,R,10,GGAAACGCCC ,9.5,0.95,0.57,7.16,0.44,0.8,0.92,0.14,0.45
_00000 EGR-1,I00117 (EGR-1),1188,N,9,CTCCCCCGG ,10.67,1.19,0.633,6.18,0.23,1,0.83,0.66,0.069
T00033 AP-2alpha T00035 AP-2alphaA T02466 AP-2alphaB T02468 AP-2gamma T02469 AP-2beta T02470 T00952 AP-2,M00189 (V$AP2_Q6),1981,R,12,CGCGGTGGGGAG ,9.88,0.82,0.617,6.12,0.62,0.98,0.86,0.8,-1
T02256 AML1a,M00271 (V$AML1_01),1409,N,6,TATGGT ,6.19,1.03,0.569,4.68,1,0.75,0.84,1,0.0000003
_00000 H-2RIIBP,I00178 (H-2RIIBP),1327,R,6,GGGGAC ,6.2,1.03,0.664,3.14,1,1,0.86,1,0.94
_00000 LEF-1,I00393 (LEF-1),506,R,8,TTTTGTTC ,8.8,1.1,0.56,6.92,0.78,1,0.88,0.059,0.45
_00000 NF1,I00296 (NF1),981,N,6,CTTGCA ,9.99,1.66,0.96,0.41,0.86,1,0.98,0.86,0.00049
_00000 TCF-1,I00029 (TCF-1),1639,N,6,CAGAGG ,7.68,1.28,0.859,1.26,0.99,0.89,0.93,1,0.0011
T02251 T02250 Lmo2,M00278 (V$LMO2COM_02),1312,R,9,GATTATCTT ,7.72,0.86,0.618,4.76,0.99,1,0.93,1,0.99
_00000 DEF,I00073 (DEF),930,N,8,TCGTTATT ,6.29,0.79,0.498,6.34,1,0.71,0.83,0.98,0.22
_00000 TFII-I,I00216 (TFII-I),361,N,6,CTTTCT ,8.94,1.49,0.819,1.97,0.98,0.82,0.91,0.98,0.087
_00000 RXR-alpha,I00038 (RXR-alpha),1956,R,11,GAGACAGAAGT ,8.25,0.75,0.525,7.47,0.89,0.58,0.75,1,0.002
_00000 R2,I00041 (R2),1174,R,7,CCACCTT ,8.78,1.25,0.817,1.97,0.97,0.82,0.91,1,0.53
_00000 MBF-1,I00083 (MBF-1),1832,N,6,TTTTAG ,10.24,1.71,0.946,0.58,0.86,1,0.98,0.62,0.35
_00000 R1,I00042 (R1),421,N,9,TCCAACTTT ,11.42,1.27,0.785,3.12,0.35,0.87,0.89,0.68,0.82
_00000 NF-X3,I00397 (NF-X3),241,R,6,CATCTG ,11.21,1.87,1,0,0.62,1,1,0,0.58
_00000 Sp1,I00295 (Sp1),39,N,6,AGGAGG ,7.75,1.29,0.87,1.16,1,0.95,0.97,1,0.0000071
_00000 PEA3,I00212 (PEA3),1436,N,6,AGGAAG ,10.88,1.81,1,0,0.62,1,1,0.62,0.1
_00000 TFII-I,I00216 (TFII-I),1156,N,6,CTTCCT ,6.96,1.16,0.638,3.95,1,0.65,0.82,1,0.087
_00000 c-Jun,I00010 (c-Jun),794,R,7,TAATTCA ,6.72,0.96,0.575,4.96,1,0.77,0.81,1,0.41
_00000 Oct-1,I00286 (Oct-1),980,R,8,GCTTGCAT ,6.08,0.76,0.454,7.32,0.97,1,0.89,0.69,0.31
_00000 NRF-2,I00059 (NRF-2),1880,R,8,CCCGGAAG ,12.3,1.54,0.828,2.56,0.22,1,0.92,0.26,0.0095
_00000 ENKTF1,I00116 (ENKTF1),1001,N,7,TGGAGCT ,7.48,1.07,0.615,4.68,0.97,0.87,0.8,1,0.88
_00000 TTF-2,I00411 (TTF-2),1430,N,9,ACTAACAGG ,9.22,1.02,0.593,6.34,0.77,1,0.87,0.78,0.77
_00000 Oct-2,I00056 (Oct-2),119,R,8,CTTGGCAT ,6.99,0.87,0.477,7.66,0.93,0.76,0.81,0.95,0.43
_00000 E4F,I00125 (E4F),724,R,8,GTTACGTT ,8.8,1.1,0.56,6.92,0.78,0.75,0.88,0.059,0.45
T04077 T04076 TGIF,M00418 (V$TGIF_01),991,R,11,ACTTGACACTT ,9.09,0.83,0.552,7.37,0.53,1,0.89,0.52,0.18
_00000 CP2,I00132 (CP2),422,N,5,CCAAC ,7.02,1.4,0.829,1.45,1,1,0.91,1,0.31
_00000 TCF-1,I00029 (TCF-1),112,N,6,CAAAGG ,8.93,1.49,1,0,0.62,1,1,0,0.0011
T00250 Elk-1,M00025 (V$ELK1_02),1798,R,14,AGACTTCCTCCCGG ,9.21,0.66,0.576,6.79,0.79,1,0.89,0.98,0.01
T02256 AML1a,M00271 (V$AML1_01),1331,R,6,ACCACA ,10.87,1.81,1,0,0.62,1,1,0,0.0000003
_00000 E12,I00274 (E12),731,N,7,TCTGGGG ,6.31,0.9,0.499,6.34,1,1,0.84,1,0.51
_00000 GATA-3,I00108 (GATA-3),1314,R,6,TTATCT ,10.82,1.8,1,0,0.62,1,1,0,0.9
_00000 C/EBP,I00034 (C/EBP),517,R,10,ATTTTGTCAC ,6.4,0.64,0.525,5.78,1,0.69,0.8,1,0.11
_00000 TFII-I,I00216 (TFII-I),1335,N,6,CACCCT ,6.96,1.16,0.638,3.95,1,0.65,0.82,1,0.087
_00000 Sp1,I00295 (Sp1),498,R,6,ACTCCA ,6.77,1.13,0.76,2.14,1,0.95,0.95,1,0.0000071
T00550 T01944 NF-ATx T01945 NF-ATc T01946 T01947 NF-ATc3 T01948 NFAT-1 T01949 NF-ATp T02462 NF-AT3 T00549 NF-AT,M00302 (V$NFAT_Q6),389,R,12,CCTTTTCCAGTC ,8.78,0.73,0.595,5.98,0.85,1,0.96,0.36,-1
_00000 Elf-1,I00113 (Elf-1),211,N,7,TTCCTCT ,12.39,1.77,1,0,0.22,1,1,0.22,0.018
T01806 T00671 p53,M00272 (V$P53_02),899,R,10,TGGCATGTAC ,6.59,0.66,0.494,6.76,1,1,0.89,0.96,0.3
_00000 HEB,I00173 (HEB),1206,R,8,CAGCCGGC ,6.55,0.82,0.466,7.5,0.87,0.83,0.93,0.42,0.099
_00000 CP1,I00066 (CP1),372,R,5,ATTGG ,9.94,1.99,1,0,0.98,1,1,0,0.75
T00138 T00139 T00137 c-Myb,M00183 (V$MYB_Q6),334,R,10,GGTAGTTTGA ,6.44,0.64,0.552,5.22,1,1,0.94,1,0.19
_00000 ARP-1,I00142 (ARP-1),157,N,8,GGAACTCT ,8.4,1.05,0.622,5.11,0.81,0.81,0.81,1,0.038
_00000 NF1,I00296 (NF1),1868,R,6,GCCCAG ,6.53,1.09,0.628,3.87,1,0.81,0.82,1,0.00049
_00000 Oct-2,I00056 (Oct-2),943,R,8,AATTGTAT ,7.77,0.97,0.53,6.89,0.86,0.76,0.76,1,0.43
_00000 HSF-2,I00211 (HSF-2),696,N,8,GATGATTC ,8.26,1.03,0.566,6.34,0.94,0.75,0.86,0.94,0.15
_00000 c-Fos,I00414 (c-Fos),963,R,7,TGACTCT ,9.47,1.35,0.751,3.14,0.82,1,0.91,0.77,0.75
T00490 MAZ T00759 Sp1 T00820 TFIID,R00315 () R01307 () R01308 () R01764 () R02102 () R04679 () R04680 (),1713,N,10,GGGGCGGGGC ,20,2,1,0,0,,,,-1
_00000 PR,I00288 (PR),587,R,6,AGAACT ,8.33,1.39,0.807,1.99,0.95,1,0.9,0.98,0.12
_00000 Sp1,I00032 (Sp1),1541,R,10,ACCCCTCCCC ,13.22,1.32,0.778,3.76,0.097,0.83,0.91,0.15,0.0000084
_00000 TCF-1,I00029 (TCF-1),1233,N,6,CAAAGA ,8.26,1.38,0.924,0.68,0.86,1,0.99,0.62,0.0011
_00000 TCF-1,I00029 (TCF-1),70,R,6,TCTCTT ,6,1,0.672,2.93,1,0.89,0.89,1,0.0011
_00000 USF,I00368 (USF),185,R,7,GCACATG ,6.31,0.9,0.499,6.34,1,0.71,0.84,1,0.92
_00000 E2F-1,I00107 (E2F-1),1862,N,8,TGCCGCGC ,11.44,1.43,0.853,1.96,0.49,1,0.93,0.26,0.31
T01043 T01045 T00972 HSF2,M00147 (V$HSF2_01),78,N,10,AGAATTTTCC ,9.68,0.97,0.79,2.57,0.61,1,0.97,0.4,0.38
T00754 T00759 T00752 Sp1,M00196 (V$SP1_Q6),1643,N,13,GGGAGGCGGAGCT ,13.39,1.03,0.736,4.81,0.067,1,0.87,0.51,0.0000031
T02256 AML1a,M00271 (V$AML1_01),402,N,6,TGTGGT ,10.87,1.81,1,0,0.62,1,1,0,0.0000003
_00000 GT-IIA,I00172 (GT-IIA),375,R,7,GGAATGA ,11.43,1.63,0.88,1.56,0.52,0.87,0.95,0.22,0.58
_00000 Ga,I00174 (Ga),1908,R,8,GGGCGGTT ,8.26,1.03,0.566,6.34,0.94,0.75,0.86,0.94,0.53
_00000 LBP-1,I00191 (LBP-1),1821,R,5,CTAGG ,6.9,1.38,0.816,1.56,1,0.85,0.91,1,0.11
_00000 C/EBP,I00034 (C/EBP),601,N,10,CTGACCAAAT ,6.87,0.69,0.564,5.31,1,0.69,0.8,1,0.11
T00872 USF-1 T00874 T00875 T00876 USF1 T00877 T00870 USF,M00187 (V$USF_Q6),398,R,10,GTCCTGTGGT ,7.19,0.72,0.496,7.29,0.99,0.86,0.87,1,0.5
_00000 TCF-1,I00029 (TCF-1),1723,R,6,TCTTTT ,7.26,1.21,0.813,1.67,1,1,0.95,1,0.0011
_00000 PR,I00288 (PR),904,N,6,TGTACT ,8.02,1.34,0.778,2.29,0.99,0.88,0.96,0.86,0.12
_00000 HOXD8,I00182 (HOXD8),559,N,7,ATAAAAC ,10.05,1.44,0.911,0.98,0.89,0.91,0.96,0.62,0.79
T00250 Elk-1,M00025 (V$ELK1_02),1916,N,14,CTTGCCGGAAGTGG ,12.51,0.89,0.782,3.49,0.095,1,0.98,0.024,0.01
_00000 Sp1,I00295 (Sp1),1714,N,6,GGGCGG ,8.91,1.49,1,0,0.86,1,1,0,0.0000071
T00872 USF-1 T00874 T00875 T00876 USF1 T00877 T00870 USF,M00187 (V$USF_Q6),522,R,10,GTCACGTGAT ,10.97,1.1,0.758,3.51,0.37,1,0.96,0.11,0.5
_00000 E12,I00274 (E12),35,N,7,TCTTAGG ,7.29,1.04,0.576,5.36,0.62,0.86,0.95,0.62,0.51
_00000 EIIaE-A,I00143 (EIIaE-A),1678,R,7,AGGGCGT ,6.48,0.93,0.469,7.33,1,0.75,0.86,0.22,0.45
_00000 Elk-1,I00112 (Elk-1),13,R,7,CTTCCTG ,11.43,1.63,1,0,0.22,1,1,0,0.38
_00000 PU.1,I00047 (PU.1),757,N,6,TTCCTC ,11.46,1.91,1,0,0.62,1,1,0.62,0.007
T01043 T01045 T00972 HSF2,M00147 (V$HSF2_01),157,N,10,GGAACTCTCT ,7.05,0.7,0.575,5.21,1,0.99,0.94,0.93,0.38
_00000 E2F-1,I00107 (E2F-1),1894,R,8,GCGCGAAG ,6.48,0.81,0.484,6.92,0.89,1,0.82,1,0.31
_00000 HOXD10,I00179 (HOXD10),792,N,8,AATAATTC ,8.46,1.06,0.644,4.68,0.84,1,0.81,1,0.013
_00000 IUF-1,I00392 (IUF-1),823,N,8,GGCCATAA ,6.08,0.76,0.454,7.32,0.97,1,0.89,0.69,0.88
_00000 NF1,I00296 (NF1),280,N,6,CTTGGA ,8.68,1.45,0.834,1.72,0.98,1,0.92,1,0.00049
_00000 ER,I00276 (ER),1412,R,5,GGTCA ,9.96,1.99,1,0,0.98,1,1,0,0.1
T00308 GATA-2,M00076 (V$GATA2_01),238,R,10,GAACATCTGG ,6.13,0.61,0.608,3.95,1,0.93,0.94,1,0.99
T01042 T01525 HSF1_(long) T01044 HSF1,M00146 (V$HSF1_01),157,N,10,GGAACTCTCT ,7.32,0.73,0.539,6.27,0.99,0.92,0.9,0.97,0.56
_00000 TCF-1,I00029 (TCF-1),1010,N,6,CAGAGG ,7.68,1.28,0.859,1.26,0.99,0.89,0.93,1,0.0011
T00250 Elk-1,M00025 (V$ELK1_02),1877,N,14,GGGCCCGGAAGTGG ,10.06,0.72,0.629,5.94,0.58,1,0.96,0.13,0.01
_00000 TEF2,I00027 (TEF2),1757,N,8,GGGCGTGG ,8.8,1.1,0.56,6.92,0.78,0.75,0.88,0.059,0.02
_00000 GHF-1,I00106 (GHF-1),75,N,8,TTAAGAAT ,6.07,0.76,0.491,6.29,1,0.73,0.76,1,0.92
_00000 NHP-1,I00285 (NHP-1),1747,R,8,TCTTACTC ,9.88,1.23,0.77,2.95,0.79,0.78,0.88,0.98,0.73
T00754 T00759 T00752 Sp1,M00196 (V$SP1_Q6),1676,N,13,GGAGGGCGTGGTC ,11.43,0.88,0.628,6.76,0.26,1,0.84,0.85,0.0000031
_00000 c-Jun,I00010 (c-Jun),994,N,7,TGACACT ,6.15,0.88,0.526,5.53,1,1,0.86,1,0.41
T01797 T01798 T01346 Arnt,M00236 (V$ARNT_01),519,R,16,TTTGTCACGTGATTTT ,10.99,0.69,0.594,7.5,0.4,1,0.95,0.27,0.000013
_00000 T3R-beta,I00031 (T3R-beta),1780,R,9,GTCACTAGC ,8.02,0.89,0.552,6.51,0.91,1,0.8,1,0.19
_00000 R2,I00041 (R2),216,R,7,CTACCTT ,8.78,1.25,0.817,1.97,0.97,0.82,0.91,1,0.53
_00000 PEA3,I00212 (PEA3),1801,R,6,CTTCCT ,10.88,1.81,1,0,0.62,1,1,0.62,0.1
_00000 CP2,I00132 (CP2),1925,R,5,AGTGG ,7.31,1.46,0.863,1.16,1,0.9,0.95,1,0.31
T00997 T00996 SRY,M00160 (V$SRY_02),1109,N,12,GAGAACAAAGCT ,7.61,0.63,0.499,7.66,0.97,1,0.89,0.93,0.84
_00000 Ig/EBP1,I00186 (Ig/EBP1),602,R,9,TGACCAAAT ,6.55,0.73,0.481,7.06,0.92,0.5,0.81,1,0.49
_00000 Sp1,I00295 (Sp1),1675,N,6,TGGAGG ,6.77,1.13,0.76,2.14,1,0.95,0.95,1,0.0000071
_00000 LBP-1,I00191 (LBP-1),665,R,5,CCAGG ,8.46,1.69,1,0,0.98,1,1,0,0.11
T01853 SOX-9,M00410 (V$SOX9_B1),1586,N,14,CCAGAGCAATGGCC ,9.19,0.66,0.546,7.65,0.74,1,0.91,0.61,0.67
_00000 C/EBP,I00034 (C/EBP),1038,N,10,CTTGCCAATT ,7.82,0.78,0.642,4.36,0.99,1,0.87,1,0.11
_00000 PU.1,I00047 (PU.1),1302,N,6,TTCCCC ,8.49,1.42,0.741,2.97,0.98,1,0.92,0.95,0.007
_00000 Elk-1,I00112 (Elk-1),210,R,7,GTTCCTC ,8.87,1.27,0.777,2.55,0.96,1,0.88,0.97,0.38
_00000 H-2RIIBP,I00178 (H-2RIIBP),398,N,6,GTCCTG ,8.54,1.42,0.914,0.8,0.98,1,0.95,0.86,0.94
_00000 LyF-1,I00084 (LyF-1),1104,N,9,CTTGAGAGA ,8.72,0.97,0.596,5.92,0.8,0.78,0.82,0.98,0.3
_00000 PSE1,I00046 (PSE1),1172,N,8,GGCCACCT ,7.28,0.91,0.534,6.34,0.99,0.71,0.85,1,0.89
_00000 GR/PR,I00104 (GR/PR),184,R,6,AGCACA ,7.34,1.22,0.675,3.54,0.99,0.83,0.93,0.95,0.064
_00000 Net,I00058 (Net),1334,R,8,ACACCCTG ,8.26,1.03,0.566,6.34,0.94,1,0.86,0.94,0.0083
_00000 H4TF2,I00180 (H4TF2),1329,R,5,GGACC ,9.74,1.95,1,0,0.98,1,1,0,0.75
_00000 GATA-1,I00109 (GATA-1),1314,R,6,TTATCT ,9.99,1.66,1,0,0.86,1,1,0,0.98
_00000 EIIaE-A,I00143 (EIIaE-A),1866,N,7,GCGCCCA ,6.48,0.93,0.469,7.33,1,1,0.86,0.22,0.45
_00000 DEF,I00073 (DEF),429,N,8,TTGATGTT ,6.29,0.79,0.498,6.34,1,1,0.83,0.98,0.22
_00000 C/EBP,I00034 (C/EBP),1265,R,10,GTGAAGCAAG ,9.93,0.99,0.815,2.25,0.74,1,0.93,0.96,0.11
_00000 LyF-1,I00084 (LyF-1),1458,R,9,CTTCCCAGC ,10.05,1.12,0.687,4.59,0.61,1,0.85,0.81,0.3
_00000 SRY,I00035 (SRY),948,R,8,TATTTGTT ,7.63,0.95,0.51,7.33,0.79,0.75,0.86,0.62,0.023
_00000 CBF,I00156 (CBF),1404,R,10,CCATCTATGG ,12.68,1.27,0.744,4.35,0.11,1,0.95,0.08,0.23
_00000 c-Jun,I00010 (c-Jun),963,N,7,TGACTCT ,8.02,1.15,0.686,3.67,0.98,1,0.91,0.98,0.41
_00000 Pu-box,I00044 (Pu-box),757,R,8,TTCCTCTA ,8.46,1.06,0.536,7.33,0.78,0.75,0.88,0.059,0.069
_00000 NF-IL6,I00088 (NF-IL6),518,N,9,TTTTGTCAC ,6.41,0.71,0.49,6.67,1,0.73,0.83,1,0.58
T00087 CBF-A T00088 CBF-B T00150 CP1 T00154 NF-Y T00613 NF-YB T00615 NF-YC T00616 T01171 CP1A T01202 CP1C T01595 CBF-C T01804 T02477 T02478 NF-YA T00084 CBF_(2),M00185 (V$NFY_Q6),1081,R,11,ATCACTGGTTG ,8.3,0.75,0.52,7.65,0.84,0.79,0.86,0.98,-1
_00000 Sp1,I00295 (Sp1),1815,R,6,CCTCCA ,6.77,1.13,0.76,2.14,1,0.95,0.95,1,0.0000071
_00000 E1A-F,I00128 (E1A-F),1921,N,7,CGGAAGT ,12.68,1.81,1,0,0.22,1,1,0,0.018
_00000 PR,I00288 (PR),1110,R,6,AGAACA ,10.31,1.72,1,0,0.62,1,1,0,0.12
_00000 GR/PR,I00104 (GR/PR),54,N,6,AGTTCT ,7.11,1.19,0.654,3.76,1,1,0.85,1,0.064
_00000 TFIID,I00217 (TFIID),935,R,6,ATTATA ,8.52,1.42,0.749,2.85,0.86,1,0.9,0.62,0.76
_00000 Oct-1,I00286 (Oct-1),1089,N,8,TTGGAAAG ,10.45,1.31,0.78,2.95,0.6,0.91,0.89,0.69,0.31
T00100 CUTL1,M00106 (V$CDPCR3HD_01),198,N,10,ATTTGATCTC ,6.8,0.68,0.5,6.79,0.99,1,0.86,0.99,0.95
_00000 NF1,I00296 (NF1),785,N,6,CTTGGC ,9.09,1.51,0.874,1.31,0.95,1,0.94,0.95,0.00049
_00000 CP2,I00132 (CP2),395,N,5,CCAGT ,6.32,1.26,0.746,2.16,1,0.86,0.94,1,0.31
_00000 TFIID,I00291 (TFIID),444,N,6,AATAAA ,9.45,1.58,0.858,1.56,0.95,1,0.94,0.62,0.75
_00000 PEA3,I00212 (PEA3),1451,R,6,CTTCCA ,8.33,1.39,0.765,2.56,0.95,0.81,0.89,0.99,0.1
_00000 TCF-1,I00029 (TCF-1),1417,N,6,CAGAGC ,6.68,1.11,0.748,2.25,1,0.89,0.91,1,0.0011
_00000 CP2,I00132 (CP2),1042,N,5,CCAAT ,8.48,1.7,1,0,0.98,1,1,0,0.31
_00000 RAR-gamma1,I00405 (RAR-gamma1),612,R,11,CTGACCCCTTG ,13.12,1.19,0.674,6.34,0.11,1,0.9,0.015,0.0061
_00000 Elk-1,I00112 (Elk-1),1920,N,7,CCGGAAG ,10.85,1.55,0.949,0.58,0.52,1,0.97,0.22,0.38
_00000 E12,I00081 (E12),241,N,6,CATCTG ,10.23,1.7,0.912,0.98,0.86,0.91,0.96,0.62,0.58
_00000 ARP-1,I00142 (ARP-1),613,N,8,TGACCCCT ,12.2,1.53,0.903,1.31,0.26,1,0.95,0.31,0.038
_00000 E1A-F,I00128 (E1A-F),1800,R,7,ACTTCCT ,11.46,1.64,0.904,1.22,0.52,0.89,0.96,0.39,0.018
_00000 TFII-I,I00216 (TFII-I),1436,R,6,AGGAAG ,6.96,1.16,0.638,3.95,1,0.65,0.82,1,0.087
T00138 T00139 T00137 c-Myb,M00183 (V$MYB_Q6),1909,R,10,GGCGGTTCTT ,6.12,0.61,0.525,5.54,1,0.87,0.93,1,0.19
_00000 LBP-1,I00191 (LBP-1),1128,R,5,CCAGG ,8.46,1.69,1,0,0.98,1,1,0,0.11
_00000 PR,I00288 (PR),54,N,6,AGTTCT ,8.33,1.39,0.807,1.99,0.95,1,0.9,0.98,0.12
_00000 LBP-1,I00191 (LBP-1),1870,R,5,CCAGT ,7.48,1.5,0.884,0.98,1,0.92,0.98,0.98,0.11
_00000 NF1,I00296 (NF1),968,N,6,CTGGCA ,7.43,1.24,0.715,2.97,1,0.81,0.86,1,0.00049
_00000 X2BP,I00015 (X2BP),958,N,8,ATGAGTGA ,6.48,0.81,0.484,6.92,0.89,0.73,0.82,1,0.5
_00000 c-Myb,I00415 (c-Myb),2,N,8,TCTAACTG ,7.71,0.96,0.616,4.81,0.98,1,0.92,0.92,0.64
_00000 AP-1,I00224 (AP-1),1777,N,7,GGAGTCA ,9.66,1.38,0.785,2.65,0.7,1,0.92,0.62,0.31
_00000 Oct-4,I00055 (Oct-4),943,N,8,AATTGTAT ,10.34,1.29,0.722,3.97,0.62,0.83,0.86,0.62,0.47
_00000 HOXD10,I00179 (HOXD10),432,R,8,ATGTTATG ,6.23,0.78,0.474,6.92,0.95,1,0.91,0.82,0.013
T00033 AP-2alpha T00035 AP-2alphaA T02466 AP-2alphaB T02468 AP-2gamma T02469 AP-2beta T02470 T00952 AP-2,M00189 (V$AP2_Q6),1188,N,12,CTCCCCCGGACT ,9.3,0.77,0.581,6.7,0.76,0.98,0.87,0.64,-1
_00000 TFIID,I00217 (TFIID),761,N,6,TCTAAA ,6.32,1.05,0.556,5.05,1,0.75,0.82,1,0.76
_00000 X2BP,I00015 (X2BP),1521,N,8,ATGCCTGA ,6.48,0.81,0.484,6.92,0.89,0.73,0.82,1,0.5
T00872 USF-1 T00874 T00875 T00876 USF1 T00877 T00870 USF,M00187 (V$USF_Q6),522,N,10,GTCACGTGAT ,12.53,1.25,0.866,1.95,0.08,1,0.96,0.091,0.5
_00000 LBP-1,I00191 (LBP-1),1223,R,5,CCAGC ,7.48,1.5,0.884,0.98,1,0.92,0.98,0.98,0.11
_00000 C/EBP,I00272 (C/EBP),418,R,9,TTTTCCAAC ,6.96,0.77,0.506,6.81,0.98,0.76,0.8,1,0.14
_00000 NF-S,I00202 (NF-S),1007,N,7,TGTCAGA ,6.31,0.9,0.499,6.34,1,1,0.84,1,0.76
_00000 Sp1,I00295 (Sp1),552,N,6,GGGAGT ,8.33,1.39,0.935,0.58,1,0.95,0.98,0.86,0.0000071
_00000 GCF,I00152 (GCF),1787,N,8,GCCGGGCG ,11.01,1.38,0.876,1.56,0.62,0.86,0.94,0.52,0.00023
_00000 Sp1,I00295 (Sp1),1804,R,6,CCTCCC ,8.33,1.39,0.935,0.58,1,0.95,0.98,0.86,0.0000071
_00000 PR,I00288 (PR),756,N,6,TTTCCT ,6.86,1.14,0.665,3.46,1,0.74,0.84,1,0.12
_00000 RAR-beta,I00402 (RAR-beta),613,R,6,TGACCC ,11.14,1.86,1,0,0.62,1,1,0,0.31
_00000 TTF-1,I00022 (TTF-1),453,R,8,TATGTGTG ,6.68,0.84,0.503,6.6,1,0.66,0.74,1,0.44
_00000 TCF-1,I00029 (TCF-1),1611,N,6,CAAACG ,6.04,1.01,0.676,2.89,1,0.79,0.84,1,0.0011
_00000 PEA3,I00212 (PEA3),245,N,6,TGGAAG ,8.33,1.39,0.765,2.56,0.95,0.81,0.89,0.99,0.1
_00000 MLTF,I00077 (MLTF),524,N,9,CACGTGATT ,11.12,1.24,0.69,5.01,0.31,1,0.89,0.26,0.27
_00000 CP2,I00132 (CP2),1084,R,5,ACTGG ,6.32,1.26,0.746,2.16,1,0.86,0.94,1,0.31
_00000 TEF2,I00027 (TEF2),1332,R,8,CCACACCC ,15.72,1.96,1,0,0.059,1,1,0,0.02
T01042 T01525 HSF1_(long) T01044 HSF1,M00146 (V$HSF1_01),78,R,10,AGAATTTTCC ,9.87,0.99,0.726,3.72,0.49,0.92,0.95,0.38,0.56
_00000 COUP,I00133 (COUP),722,N,8,GGGTTACG ,7.39,0.92,0.57,5.57,0.95,0.78,0.81,1,0.21
T00032 c-Fos T00122 T00123 T00124 T00125 T00131 T00132 T00133 T00134 T01156 c-Jun T01976 T02205 T02830 T00029 AP-1,M00172 (V$AP1FJ_Q2),97,N,11,GGTGATCCATA ,6.62,0.6,0.467,7.56,1,0.78,0.81,1,-1
_00000 PR,I00288 (PR),467,N,6,TGTTCT ,10.31,1.72,1,0,0.62,1,1,0,0.12
_00000 AP-1,I00224 (AP-1),963,R,7,TGACTCT ,7,1,0.569,5.3,0.99,1,0.9,0.86,0.31
_00000 PR,I00288 (PR),534,N,6,TTTTCT ,7.18,1.2,0.696,3.14,1,0.76,0.85,1,0.12
T00311 GATA-3,M00077 (V$GATA3_01),669,R,9,GGCTATCAC ,6.95,0.77,0.617,4.31,1,1,0.94,0.99,1
_00000 Sp1,I00295 (Sp1),1013,N,6,AGGCGT ,8.33,1.39,0.935,0.58,1,1,0.98,0.86,0.0000071
_00000 RAR-beta,I00402 (RAR-beta),386,R,6,TGACCT ,10.56,1.76,0.948,0.58,0.86,1,0.98,0.62,0.31
_00000 Sp1,I00295 (Sp1),1551,R,6,ACACCC ,7.35,1.22,0.825,1.56,1,0.9,0.97,1,0.0000071
_00000 Net,I00058 (Net),1435,N,8,CAGGAAGT ,14.6,1.82,1,0,0.11,1,1,0.11,0.0083
_00000 Pu-box,I00044 (Pu-box),1433,N,8,AACAGGAA ,8.46,1.06,0.536,7.33,0.78,0.75,0.88,0.059,0.069
_00000 NF-S,I00202 (NF-S),1005,R,7,GCTGTCA ,6.31,0.9,0.499,6.34,1,0.75,0.84,1,0.76
_00000 T3R-alpha,I00033 (T3R-alpha),386,N,6,TGACCT ,10.21,1.7,1,0,0.86,1,1,0,0.84
_00000 MLTF,I00077 (MLTF),521,R,9,TGTCACGTG ,12.9,1.43,0.8,3.23,0.13,1,0.96,0.045,0.27
_00000 c-Jun,I00010 (c-Jun),553,R,7,GGAGTCA ,9.58,1.37,0.82,2.11,0.77,1,0.93,0.93,0.41
_00000 E1A-F,I00128 (E1A-F),1882,N,7,CGGAAGT ,12.68,1.81,1,0,0.22,1,1,0,0.018
T00550 T01944 NF-ATx T01945 NF-ATc T01946 T01947 NF-ATc3 T01948 NFAT-1 T01949 NF-ATp T02462 NF-AT3 T00549 NF-AT,M00302 (V$NFAT_Q6),80,R,12,AATTTTCCACAG ,12.94,1.08,0.877,1.82,0.065,1,0.98,0.073,-1
_00000 Elf-1,I00113 (Elf-1),1802,N,7,TTCCTCC ,11.81,1.69,0.953,0.58,0.52,1,0.98,0.52,0.018
T00250 Elk-1,M00025 (V$ELK1_02),1431,N,14,CTAACAGGAAGTGG ,11.58,0.83,0.723,4.43,0.23,1,0.93,0.62,0.01
T00169 T01154 T00168 c-Rel,M00053 (V$CREL_01),60,R,10,GGTATTCCCA ,9.99,1,0.672,4.88,0.61,0.68,0.84,0.85,0.023
_00000 c-Jun,I00010 (c-Jun),1777,R,7,GGAGTCA ,9.58,1.37,0.82,2.11,0.77,1,0.93,0.93,0.41
_00000 COUP,I00133 (COUP),16,R,8,CCTGACCC ,11.17,1.4,0.861,1.8,0.52,1,0.95,0.62,0.21
T01524 T00630 POU3F2,M00145 (V$BRN2_01),166,R,16,TTGCTTTTTCGATGAT ,11.04,0.69,0.611,7.04,0.32,0.76,0.85,0.94,0.35
_00000 Ets-1,I00111 (Ets-1),754,R,10,TGTTTCCTCT ,8.99,0.9,0.551,7.33,0.57,1,0.81,0.97,0.0018
T00250 Elk-1,M00025 (V$ELK1_02),1690,R,14,AGCCTTCCGTCGCT ,9.15,0.65,0.572,6.85,0.8,1,0.92,0.7,0.01
_00000 TBP,I00408 (TBP),485,R,7,TTATTTA ,8.39,1.2,0.635,4.83,0.7,0.79,0.85,0.82,0.77
_00000 PR,I00288 (PR),151,N,6,TTTTCT ,7.18,1.2,0.696,3.14,1,0.76,0.85,1,0.12
T00138 T00139 T00137 c-Myb,M00183 (V$MYB_Q6),2,N,10,TCTAACTGTT ,6.59,0.66,0.565,5.07,1,1,0.94,1,0.19
_00000 NF-S,I00202 (NF-S),521,N,7,TGTCACG ,6.31,0.9,0.499,6.34,1,1,0.84,1,0.76
_00000 HSF-2,I00211 (HSF-2),1377,R,8,GAGGCTTC ,8.26,1.03,0.566,6.34,0.94,1,0.86,0.94,0.15
_00000 Sp1,I00295 (Sp1),1598,R,6,CCTCCT ,7.75,1.29,0.87,1.16,1,0.95,0.97,1,0.0000071
_00000 GR/PR,I00104 (GR/PR),46,N,6,TGTTCA ,7.3,1.22,0.672,3.57,1,1,0.86,0.99,0.064
_00000 Ets-1,I00111 (Ets-1),1919,N,10,GCCGGAAGTG ,13.05,1.3,0.8,3.27,0.13,0.81,0.89,0.37,0.0018
_00000 E4F1,I00164 (E4F1),724,R,7,GTTACGT ,10.94,1.56,0.888,1.37,0.52,0.88,0.94,0.62,0.99
_00000 BSAP,I00008 (BSAP),408,N,11,CACTGCTGAGT ,13.42,1.22,0.862,2.14,0.091,1,0.96,0.023,0.66
_00000 HOXD8,I00182 (HOXD8),793,N,7,ATAATTC ,9.07,1.3,0.822,1.96,0.95,0.91,0.92,0.95,0.79
_00000 LBP-1,I00280 (LBP-1),1784,R,8,CTAGCCGG ,7.64,0.96,0.525,6.92,0.79,1,0.85,0.62,0.039
_00000 Net,I00058 (Net),12,R,8,GCTTCCTG ,8.26,1.03,0.566,6.34,0.94,1,0.86,0.94,0.0083
_00000 E12,I00274 (E12),1966,N,7,TCTGAGG ,12.65,1.81,1,0,0.39,1,1,0.39,0.51
_00000 T3R-alpha,I00033 (T3R-alpha),18,N,6,TGACCC ,8.9,1.48,0.872,1.31,0.98,1,0.94,0.98,0.84
_00000 LBP-1,I00191 (LBP-1),395,R,5,CCAGT ,7.48,1.5,0.884,0.98,1,0.92,0.98,0.98,0.11
_00000 AP-1,I00224 (AP-1),1955,N,7,TGAGACA ,6.71,0.96,0.545,5.59,1,0.74,0.81,1,0.31
_00000 TCF-1,I00029 (TCF-1),168,R,6,GCTTTT ,6.94,1.16,0.777,1.99,1,1,0.95,1,0.0011
T00138 T00139 T00137 c-Myb,M00183 (V$MYB_Q6),780,N,10,GTGAACTTGG ,7.4,0.74,0.635,4.26,1,1,0.93,1,0.19
_00000 TEF1/GT-IIC,I00028 (TEF1/GT-IIC),1090,N,8,TGGAAAGC ,8.62,1.08,0.609,5.53,0.74,0.77,0.81,1,0.33
_00000 TCF-1,I00029 (TCF-1),389,R,6,CCTTTT ,7.94,1.32,0.888,1,0.98,1,0.97,0.98,0.0011
T00308 GATA-2,M00076 (V$GATA2_01),669,R,10,GGCTATCACT ,7.11,0.71,0.705,2.97,1,1,0.97,0.93,0.99
_00000 ENKTF1,I00116 (ENKTF1),497,R,7,TACTCCA ,10.6,1.51,0.872,1.56,0.7,0.87,0.93,0.7,0.88
_00000 EIIaE-A,I00143 (EIIaE-A),1529,N,7,GCGCCCC ,6.48,0.93,0.469,7.33,1,1,0.86,0.22,0.45
_00000 Elk-1,I00112 (Elk-1),1881,N,7,CCGGAAG ,10.85,1.55,0.949,0.58,0.52,1,0.97,0.22,0.38
T00032 c-Fos T00122 T00123 T00124 T00125 T00131 T00132 T00133 T00134 T01156 c-Jun T01976 T02205 T02830 T00029 AP-1,M00172 (V$AP1FJ_Q2),1775,R,11,GCGGAGTCACT ,11.97,1.09,0.844,2.21,0.14,1,0.97,0.19,-1
_00000 RXR-alpha,I00038 (RXR-alpha),1229,R,11,GGGGCAAAGAT ,12.94,1.18,0.823,2.79,0.089,0.86,0.95,0.054,0.002
_00000 Sp1,I00295 (Sp1),1334,R,6,ACACCC ,7.35,1.22,0.825,1.56,1,0.9,0.97,1,0.0000071
T00389 T00588 NF-kappaB1 T00590 T00593 T01923 T00587 NF-kappaB,M00194 (V$NFKB_Q6),842,R,14,GCGGAGAGTTCCTA ,11.29,0.81,0.595,7.68,0.23,0.78,0.81,0.83,0.18
T00459 T00581 T00017 C/EBPbeta,M00117 (V$CEBPB_02),589,R,14,AACTTAGGTAACCT ,8.13,0.58,0.525,7.36,0.95,0.83,0.88,0.92,0.28
_00000 H4TF2,I00180 (H4TF2),1811,N,5,GGTCC ,9.74,1.95,1,0,0.98,1,1,0,0.75
_00000 c-Myb,I00415 (c-Myb),780,N,8,GTGAACTT ,8.54,1.07,0.682,3.98,0.94,1,0.85,1,0.64
_00000 NF-X,I00067 (NF-X),1478,N,8,CTAGCAAG ,7.46,0.93,0.505,7.33,0.94,1,0.86,0.94,0.31
_00000 AP-3,I00150 (AP-3),83,R,8,TTTCCACA ,11.32,1.42,1,0,0.059,1,1,0,1
_00000 Sp1,I00032 (Sp1),1702,R,10,CTCCCGCCTC ,9.75,0.97,0.574,7.23,0.53,1,0.82,0.85,0.0000084
_00000 Sp1,I00295 (Sp1),1174,R,6,CCACCT ,6.77,1.13,0.76,2.14,1,0.9,0.95,1,0.0000071
T00534 T00535 T00536 T00537 T00538 T00539 T01036 T01298 T00533 NF-1,M00193 (V$NF1_Q6),896,N,18,GCCTGGCATGTACTCAGC ,9.71,0.54,0.564,7.51,0.67,1,0.89,0.98,0.086
_00000 HOXD10,I00179 (HOXD10),791,R,8,AAATAATT ,6.9,0.86,0.525,6.25,0.87,0.87,0.75,1,0.013
_00000 Sp1,I00295 (Sp1),1643,N,6,GGGAGG ,8.33,1.39,0.935,0.58,1,0.95,0.98,0.86,0.0000071
_00000 Sp1,I00295 (Sp1),1646,N,6,AGGCGG ,8.33,1.39,0.935,0.58,1,1,0.98,0.86,0.0000071
_00000 NHP-1,I00285 (NHP-1),232,N,8,CAGCTTGA ,6.48,0.81,0.506,6.34,0.92,1,0.92,0.79,0.73
_00000 ER,I00276 (ER),405,R,5,GGTCA ,9.96,1.99,1,0,0.98,1,1,0,0.1
_00000 GATA-1,I00109 (GATA-1),1079,R,6,TAATCA ,6.93,1.16,0.694,3.05,1,0.81,0.88,1,0.98
T01042 T01525 HSF1_(long) T01044 HSF1,M00146 (V$HSF1_01),341,R,10,TGAGCATTCT ,8.93,0.89,0.657,4.65,0.79,1,0.93,0.62,0.56
T00625 AREB6,M00415 (V$AREB6_04),753,N,9,GTGTTTCCT ,8.75,0.97,0.746,2.98,0.97,1,0.97,0.82,0.83
_00000 H-2RIIBP,I00178 (H-2RIIBP),1109,R,6,GAGAAC ,6.05,1.01,0.648,3.29,1,0.74,0.8,1,0.94
T00141 c-Myc T00142 T00143 T00489 T00140 Max1,M00123 (V$MYCMAX_02),521,R,12,TGTCACGTGATT ,13.78,1.15,0.858,2.28,0.045,1,0.98,0.02,0.47
_00000 SRF,I00333 (SRF),851,R,9,TCCTATTAG ,9.22,1.02,0.593,6.34,0.77,1,0.87,0.78,0.77
_00000 RAR-alpha1,I00401 (RAR-alpha1),386,N,9,TGACCTTTT ,14.79,1.64,1,0,0.03,1,1,0.03,0.14
_00000 Sp1,I00032 (Sp1),1713,N,10,GGGGCGGGGC ,16.98,1.7,1,0,0.0038,1,1,0,0.0000084
_00000 Pu-box,I00044 (Pu-box),211,R,8,TTCCTCTA ,8.46,1.06,0.536,7.33,0.78,0.75,0.88,0.059,0.069
_00000 TFIID,I00217 (TFIID),222,R,6,TTTCTA ,6.41,1.07,0.563,4.97,1,0.77,0.86,1,0.76
_00000 T3R-beta,I00031 (T3R-beta),1988,N,9,GGGAGTGAC ,10.17,1.13,0.7,4.35,0.55,1,0.92,0.39,0.19
_00000 USF,I00368 (USF),309,R,7,GCCTGTG ,6.31,0.9,0.499,6.34,1,1,0.84,1,0.92
_00000 c-Myb,I00415 (c-Myb),248,R,8,AAGTTCAC ,8.54,1.07,0.682,3.98,0.94,1,0.85,1,0.64
_00000 XBP-1,I00014 (XBP-1),1239,N,8,TGCCTCAG ,6.48,0.81,0.506,6.34,0.92,0.8,0.92,0.79,0.73
_00000 GATA-3,I00108 (GATA-3),671,R,6,CTATCA ,8.27,1.38,0.764,2.55,0.98,1,0.89,1,0.9
_00000 ER,I00276 (ER),1401,N,5,TGACC ,9.96,1.99,1,0,0.98,1,1,0,0.1
_00000 TCF-1,I00029 (TCF-1),204,R,6,TCTCTG ,7,1.17,0.783,1.93,1,0.89,0.92,1,0.0011
T01042 T01525 HSF1_(long) T01044 HSF1,M00146 (V$HSF1_01),844,R,10,GGAGAGTTCC ,6.67,0.67,0.491,6.92,1,0.92,0.89,0.98,0.56
_00000 NF-IL6,I00088 (NF-IL6),1266,N,9,TGAAGCAAG ,7.93,0.88,0.606,5.15,0.98,1,0.88,0.99,0.58
T01043 T01045 T00972 HSF2,M00147 (V$HSF2_01),341,R,10,TGAGCATTCT ,6.79,0.68,0.554,5.46,1,1,0.94,0.94,0.38
T01042 T01525 HSF1_(long) T01044 HSF1,M00146 (V$HSF1_01),414,R,10,TGAGTTTTCC ,6.15,0.61,0.452,7.44,1,0.92,0.89,0.98,0.56
_00000 CP2,I00132 (CP2),191,R,5,GTTGG ,7.02,1.4,0.829,1.45,1,1,0.91,1,0.31
_00000 USF,I00368 (USF),186,N,7,CACATGT ,6.31,0.9,0.499,6.34,1,1,0.84,1,0.92
_00000 Sp1,I00295 (Sp1),1634,R,6,ACGCCC ,8.91,1.49,1,0,0.86,1,1,0,0.0000071
_00000 CBP/CRF,I00135 (CBP/CRF),1042,N,5,CCAAT ,9.87,1.97,1,0,0.98,1,1,0,0.98
_00000 TFIID,I00259 (TFIID),486,N,6,TATTTA ,8.75,1.46,0.848,1.57,0.99,0.91,0.94,1,0.98
_00000 Sp1,I00295 (Sp1),1544,R,6,CCTCCC ,8.33,1.39,0.935,0.58,1,0.95,0.98,0.86,0.0000071
_00000 AF-1,I00144 (AF-1),1114,R,8,CAAAGCTC ,8.22,1.03,0.543,6.92,0.78,0.75,0.86,0.22,0.2
_00000 NFAT-1,I00063 (NFAT-1),82,R,8,TTTTCCAC ,11.42,1.43,0.88,1.56,0.35,0.85,0.94,0.6,0.47
_00000 H-2RIIBP,I00178 (H-2RIIBP),586,R,6,GAGAAC ,6.05,1.01,0.648,3.29,1,0.74,0.8,1,0.94
_00000 TFII-I,I00216 (TFII-I),13,N,6,CTTCCT ,6.96,1.16,0.638,3.95,1,0.65,0.82,1,0.087
_00000 TTF-1,I00022 (TTF-1),1242,N,8,CTCAGAAG ,6.29,0.79,0.474,6.99,1,0.61,0.73,1,0.44
_00000 c-Fos,I00414 (c-Fos),125,N,7,ATAGTCA ,7.48,1.07,0.593,5.12,0.99,1,0.85,0.97,0.75
_00000 LyF-1,I00084 (LyF-1),1598,R,9,CCTCCTAAC ,9.12,1.01,0.623,5.51,0.74,0.78,0.8,1,0.3
_00000 C/EBP,I00272 (C/EBP),742,N,9,GTTACATAA ,8.64,0.96,0.627,5.13,0.87,0.92,0.9,0.87,0.14
_00000 Sp1,I00295 (Sp1),1029,N,6,GGGTGG ,7.35,1.22,0.825,1.56,1,0.9,0.97,1,0.0000071
T02474 FOXI1,M00289 (V$HFH3_01),945,N,13,TTGTATTTGTTGA ,13.06,1,0.733,4.76,0.12,0.95,0.92,0.28,0.36
_00000 AP-3,I00271 (AP-3),619,R,9,CTTGCAAAG ,9.47,1.05,0.629,5.58,0.65,1,0.79,1,0.061
_00000 HOXA5,I00184 (HOXA5),1671,R,6,CTGTTG ,8.67,1.44,0.898,0.98,1,0.89,0.95,0.98,0.84
_00000 PR,I00288 (PR),46,N,6,TGTTCA ,7.18,1.2,0.696,3.14,1,1,0.85,1,0.12
T00032 c-Fos T00122 T00123 T00124 T00125 T00131 T00132 T00133 T00134 T01156 c-Jun T01976 T02205 T02830 T00029 AP-1,M00172 (V$AP1FJ_Q2),600,N,11,CCTGACCAAAT ,7.59,0.69,0.535,6.59,0.99,1,0.92,0.99,-1
_00000 AP-1,I00224 (AP-1),959,N,7,TGAGTGA ,7.73,1.1,0.629,4.57,0.97,0.75,0.83,1,0.31
_00000 Ig/EBP1,I00186 (Ig/EBP1),591,N,9,CTTAGGTAA ,10.42,1.16,0.766,3.19,0.59,0.77,0.94,0.49,0.49
_00000 NF-X,I00067 (NF-X),1902,R,8,GTTGCTGG ,7.46,0.93,0.505,7.33,0.94,1,0.86,0.94,0.31
_00000 T3R-beta,I00031 (T3R-beta),1840,R,9,GGCCCTTCA ,7.28,0.81,0.501,7.24,0.95,0.71,0.74,1,0.19
_00000 PR,I00288 (PR),1355,R,6,AGGACT ,8.01,1.33,0.776,2.31,0.99,0.97,0.89,0.99,0.12
_00000 LBP-1,I00191 (LBP-1),1555,R,5,CCAGC ,7.48,1.5,0.884,0.98,1,0.92,0.98,0.98,0.11
_00000 SRY,I00035 (SRY),505,R,8,TTTTTGTT ,7.63,0.95,0.51,7.33,0.79,0.75,0.86,0.62,0.023
_00000 YY1,I00012 (YY1),817,R,9,ACTGGAGGC ,8.54,0.95,0.662,4.35,0.93,0.98,0.91,0.9,0.82
_00000 GR/PR,I00104 (GR/PR),587,R,6,AGAACT ,7.11,1.19,0.654,3.76,1,1,0.85,1,0.064
_00000 Sp1,I00295 (Sp1),1358,R,6,ACTCCT ,7.75,1.29,0.87,1.16,1,0.95,0.97,1,0.0000071
_00000 EF-1A,I00167 (EF-1A),1882,N,8,CGGAAGTG ,14.21,1.78,1,0,0.11,1,1,0,0.046
_00000 TEF2,I00027 (TEF2),1632,R,8,CCACGCCC ,8.8,1.1,0.56,6.92,0.78,0.75,0.88,0.059,0.02
_00000 H-2RIIBP,I00178 (H-2RIIBP),1568,N,6,GTCCTC ,9.34,1.56,1,0,0.62,1,1,0,0.94
_00000 NF-IL6,I00088 (NF-IL6),601,R,9,CTGACCAAA ,6.49,0.72,0.496,6.58,1,0.73,0.83,1,0.58
_00000 Sp1,I00295 (Sp1),1908,N,6,GGGCGG ,8.91,1.49,1,0,0.86,1,1,0,0.0000071
_00000 CBP/CRF,I00135 (CBP/CRF),501,N,5,CCAAT ,9.87,1.97,1,0,0.98,1,1,0,0.98
_00000 AP-3,I00271 (AP-3),1038,N,9,CTTGCCAAT ,10.46,1.16,0.695,4.59,0.47,0.81,0.83,0.91,0.061
T00308 GATA-2,M00076 (V$GATA2_01),1074,N,10,GAGGATAATC ,6.94,0.69,0.688,3.14,1,1,0.96,1,0.99
_00000 TCF-1,I00029 (TCF-1),1276,R,6,TCTCTT ,6,1,0.672,2.93,1,0.89,0.89,1,0.0011
_00000 RAR-gamma,I00404 (RAR-gamma),1969,R,7,GAGGTGA ,13.63,1.95,1,0,0.22,1,1,0,0.62
_00000 AP-1,I00270 (AP-1),1777,R,7,GGAGTCA ,12.59,1.8,1,0,0.22,1,1,0,0.31
_00000 TFII-I,I00216 (TFII-I),1801,N,6,CTTCCT ,6.96,1.16,0.638,3.95,1,0.65,0.82,1,0.087
T02251 T02250 Lmo2,M00278 (V$LMO2COM_02),669,R,9,GGCTATCAC ,8.35,0.93,0.669,4.13,0.97,1,0.93,1,0.99
_00000 T3R-alpha,I00033 (T3R-alpha),1229,R,6,GGGGCA ,7.34,1.22,0.719,2.87,1,0.92,0.92,1,0.84
_00000 E2F-1,I00107 (E2F-1),1382,N,8,TTCCGCGC ,12.42,1.55,0.927,0.98,0.26,1,0.96,0.059,0.31
_00000 AP-1,I00224 (AP-1),459,N,7,TGAGACA ,6.71,0.96,0.545,5.59,1,0.74,0.81,1,0.31
_00000 C/EBP,I00272 (C/EBP),786,R,9,TTGGCAAAT ,6.13,0.68,0.445,7.64,0.99,0.63,0.78,1,0.14
T00032 c-Fos T00122 T00123 T00124 T00125 T00131 T00132 T00133 T00134 T01156 c-Jun T01976 T02205 T02830 T00029 AP-1,M00172 (V$AP1FJ_Q2),961,N,11,AGTGACTCTGG ,7.85,0.71,0.554,6.33,0.98,1,0.94,0.85,-1
T01448 Tal-1beta T00207 E47,M00065 (V$TAL1BETAE47_01),236,R,16,TTGAACATCTGGAAGT ,13.61,0.85,0.658,7.07,0.073,1,0.92,0.091,0.0012
_00000 HSF-2,I00211 (HSF-2),415,R,8,GAGTTTTC ,8.26,1.03,0.566,6.34,0.94,0.75,0.86,0.94,0.15
_00000 CBF1,I00304 (CBF1),524,R,8,CACGTGAT ,15.14,1.89,1,0,0.059,1,1,0,0.45
_00000 GR/PR,I00104 (GR/PR),1110,R,6,AGAACA ,10.87,1.81,1,0,0.62,1,1,0.62,0.064
_00000 Oct-4,I00055 (Oct-4),445,R,8,ATAAAATT ,8.35,1.04,0.583,5.96,0.79,0.83,0.79,1,0.47
_00000 PR,I00288 (PR),1049,N,6,TTTTCT ,7.18,1.2,0.696,3.14,1,0.76,0.85,1,0.12
_00000 CP2,I00132 (CP2),1673,R,5,GTTGG ,7.02,1.4,0.829,1.45,1,1,0.91,1,0.31
_00000 TFII-I,I00216 (TFII-I),1930,R,6,AGAGAG ,10.91,1.82,1,0,0.62,1,1,0,0.087
_00000 Elk-1,I00112 (Elk-1),1381,R,7,CTTCCGC ,10.27,1.47,0.899,1.16,0.62,1,0.95,0.52,0.38
_00000 Sp1,I00295 (Sp1),1454,R,6,CCACCT ,6.77,1.13,0.76,2.14,1,0.9,0.95,1,0.0000071
T02256 AML1a,M00271 (V$AML1_01),94,N,6,TGTGGT ,10.87,1.81,1,0,0.62,1,1,0,0.0000003
_00000 TTF-1,I00022 (TTF-1),108,N,8,CAGTCAAA ,9.98,1.25,0.751,3.3,0.67,1,0.85,0.92,0.44
T02256 AML1a,M00271 (V$AML1_01),206,N,6,TCTGGT ,6.19,1.03,0.569,4.68,1,0.75,0.84,1,0.0000003
_00000 T3R-beta,I00031 (T3R-beta),1812,R,9,GTCCCTCCA ,7.87,0.87,0.542,6.66,0.92,0.97,0.83,0.99,0.19
T01042 T01525 HSF1_(long) T01044 HSF1,M00146 (V$HSF1_01),157,R,10,GGAACTCTCT ,6.75,0.68,0.497,6.83,1,0.76,0.86,1,0.56
T00308 GATA-2,M00076 (V$GATA2_01),769,N,10,TCCGATACTT ,7.15,0.71,0.709,2.94,1,1,0.96,1,0.99
T00550 T01944 NF-ATx T01945 NF-ATc T01946 T01947 NF-ATc3 T01948 NFAT-1 T01949 NF-ATp T02462 NF-AT3 T00549 NF-AT,M00302 (V$NFAT_Q6),30,R,12,AGATTTCTTAGG ,7.08,0.59,0.479,7.68,0.98,1,0.84,1,-1
_00000 C/EBP,I00272 (C/EBP),619,N,9,CTTGCAAAG ,8.93,0.99,0.649,4.83,0.84,1,0.82,1,0.14
_00000 COUP,I00133 (COUP),611,R,8,TCTGACCC ,10.95,1.37,0.844,2.02,0.52,1,0.94,0.7,0.21
_00000 TCF-1,I00029 (TCF-1),891,N,6,CAGAGG ,7.68,1.28,0.859,1.26,0.99,0.89,0.93,1,0.0011
_00000 PEA3,I00212 (PEA3),1156,R,6,CTTCCT ,10.88,1.81,1,0,0.62,1,1,0.62,0.1
_00000 EF-1A,I00167 (EF-1A),1921,N,8,CGGAAGTG ,14.21,1.78,1,0,0.11,1,1,0,0.046
_00000 GHF-1,I00106 (GHF-1),99,N,8,TGATCCAT ,7.42,0.93,0.6,4.94,1,0.85,0.95,0.57,0.92
_00000 PR,I00288 (PR),237,R,6,TGAACA ,7.18,1.2,0.696,3.14,1,1,0.85,1,0.12
T00169 T01154 T00168 c-Rel,M00053 (V$CREL_01),844,N,10,GGAGAGTTCC ,7.71,0.77,0.518,7.16,0.94,0.84,0.84,0.87,0.023
_00000 EIIaE-A,I00143 (EIIaE-A),1876,R,7,AGGGCCC ,6.48,0.93,0.469,7.33,1,0.75,0.86,0.22,0.45
_00000 CP1,I00066 (CP1),501,N,5,CCAAT ,9.94,1.99,1,0,0.98,1,1,0,0.75
_00000 ARP-1,I00142 (ARP-1),846,R,8,AGAGTTCC ,8.4,1.05,0.622,5.11,0.81,0.81,0.81,1,0.038
_00000 E12,I00274 (E12),1009,N,7,TCAGAGG ,6.31,0.9,0.499,6.34,1,0.71,0.84,1,0.51
_00000 CP2,I00132 (CP2),1886,R,5,AGTGG ,7.31,1.46,0.863,1.16,1,0.9,0.95,1,0.31
_00000 GCF,I00152 (GCF),1716,N,8,GCGGGGCT ,12.57,1.57,1,0,0.22,1,1,0,0.00023
_00000 C/EBP,I00034 (C/EBP),32,N,10,ATTTCTTAGG ,7.22,0.72,0.593,4.96,1,0.94,0.86,1,0.11
_00000 MBF-1,I00083 (MBF-1),1361,R,6,CCTAAA ,8.85,1.47,0.818,1.97,0.95,0.84,0.92,0.98,0.35
T00032 c-Fos T00122 T00123 T00124 T00125 T00131 T00132 T00133 T00134 T01156 c-Jun T01976 T02205 T02830 T00029 AP-1,M00172 (V$AP1FJ_Q2),123,R,11,GCATAGTCAGT ,7.76,0.71,0.548,6.42,0.98,1,0.92,0.99,-1
_00000 Net,I00058 (Net),244,N,8,CTGGAAGT ,8.26,1.03,0.566,6.34,0.94,0.75,0.86,0.94,0.0083
_00000 H1TF1,I00176 (H1TF1),945,R,11,TTGTATTTGTT ,13.55,1.23,0.649,7.33,0.033,0.75,0.9,0.04,0.033
_00000 PU.1,I00047 (PU.1),1347,R,6,GGGGAA ,8.49,1.42,0.741,2.97,0.98,1,0.92,0.95,0.007
_00000 TCF-1,I00029 (TCF-1),1065,R,6,TCTTTG ,8.26,1.38,0.924,0.68,0.86,1,0.99,0.62,0.0011
T00138 T00139 T00137 c-Myb,M00183 (V$MYB_Q6),246,R,10,GGAAGTTCAC ,8.91,0.89,0.764,2.75,0.78,1,0.96,0.77,0.19
_00000 Oct-2,I00056 (Oct-2),350,R,8,TTTGGCAT ,6.99,0.87,0.477,7.66,0.93,0.76,0.81,0.95,0.43
_00000 HSF,I00247 (HSF),79,N,8,GAATTTTC ,9.24,1.16,0.593,6.34,0.78,0.75,0.88,0.059,0.78
_00000 PU.1,I00047 (PU.1),14,N,6,TTCCTG ,8.32,1.39,0.726,3.14,0.98,1,0.88,0.98,0.007
T00304 T00305 GATA-1A T00306 T00267 GATA-1,M00128 (V$GATA1_04),1310,R,13,TCGATTATCTTAT ,9.13,0.7,0.628,5.41,0.85,1,0.95,0.6,0.99
T00138 T00139 T00137 c-Myb,M00183 (V$MYB_Q6),323,R,10,TGCAGTTGTG ,6.93,0.69,0.595,4.73,1,1,0.94,0.98,0.19
T00138 T00139 T00137 c-Myb,M00183 (V$MYB_Q6),1426,N,10,CCGAACTAAC ,6.44,0.64,0.552,5.22,1,1,0.94,1,0.19
T00311 GATA-3,M00077 (V$GATA3_01),369,N,9,GGGATTGGA ,7.42,0.82,0.659,3.84,1,0.91,0.93,1,1
_00000 GR/PR,I00104 (GR/PR),467,N,6,TGTTCT ,10.87,1.81,1,0,0.62,1,1,0.62,0.064
T00138 T00139 T00137 c-Myb,M00183 (V$MYB_Q6),1610,N,10,ACAAACGGGG ,6.65,0.67,0.571,5.01,1,0.92,0.92,1,0.19
T00459 T00581 T00017 C/EBPbeta,M00117 (V$CEBPB_02),415,R,14,GAGTTTTCCAACTT ,9.65,0.69,0.623,5.84,0.67,0.8,0.86,0.98,0.28
T00169 T01154 T00168 c-Rel,M00053 (V$CREL_01),1498,R,10,GGTACGCCCA ,7.43,0.74,0.5,7.44,0.95,0.61,0.82,0.98,0.023
_00000 NF1,I00296 (NF1),1460,R,6,TCCCAG ,6.12,1.02,0.589,4.28,1,0.81,0.8,1,0.00049
T01043 T01045 T00972 HSF2,M00147 (V$HSF2_01),175,R,10,CGATGATCCA ,6.01,0.6,0.491,6.24,1,0.65,0.81,1,0.38
_00000 Ker-1,I00089 (Ker-1),320,N,8,GCGTGCAG ,8.04,1.01,0.523,7.33,0.78,0.75,0.87,0.78,0.45
_00000 Sp1,I00295 (Sp1),1501,R,6,ACGCCC ,8.91,1.49,1,0,0.86,1,1,0,0.0000071
_00000 NF1,I00296 (NF1),1038,N,6,CTTGCC ,10.4,1.73,1,0,0.62,1,1,0.62,0.00049
_00000 Pu-box,I00044 (Pu-box),850,R,8,TTCCTATT ,8.46,1.06,0.536,7.33,0.78,0.75,0.88,0.059,0.069
_00000 TCF-1,I00029 (TCF-1),1114,N,6,CAAAGC ,7.94,1.32,0.889,1,0.98,1,0.98,0.86,0.0011
_00000 SRF,I00036 (SRF),1404,N,10,CCATCTATGG ,11.44,1.14,0.651,6.13,0.17,1,0.88,0.21,0.23
_00000 GCF,I00152 (GCF),1754,N,8,CCCGGGCG ,9.45,1.18,0.752,3.12,0.82,0.71,0.87,0.99,0.00023
_00000 GR/PR,I00104 (GR/PR),534,N,6,TTTTCT ,6.16,1.03,0.566,4.72,1,0.74,0.8,1,0.064
_00000 E12,I00274 (E12),1241,R,7,CCTCAGA ,12.65,1.81,1,0,0.39,1,1,0.39,0.51
_00000 NF1,I00296 (NF1),1916,N,6,CTTGCC ,10.4,1.73,1,0,0.62,1,1,0.62,0.00049
_00000 Sp1,I00295 (Sp1),1773,N,6,GGGCGG ,8.91,1.49,1,0,0.86,1,1,0,0.0000071
_00000 NF-X3,I00397 (NF-X3),651,N,6,CAGATG ,11.21,1.87,1,0,0.62,1,1,0,0.58
_00000 Ets-1,I00111 (Ets-1),1847,R,10,CATTTCCGGT ,11.06,1.11,0.678,5.26,0.32,0.81,0.84,0.83,0.0018
_00000 TFIID,I00338 (TFIID),486,R,6,TATTTA ,7.23,1.2,0.67,3.55,1,0.75,0.84,1,0.98
T01427 p300,M00033 (V$P300_01),1985,N,14,GTGGGGAGTGACTG ,11.67,0.83,0.804,2.85,0.079,1,0.97,0.038,0.21
_00000 NF-S,I00202 (NF-S),885,N,7,TTTCAGC ,6.31,0.9,0.499,6.34,1,0.75,0.84,1,0.76
_00000 EIIaE-A,I00143 (EIIaE-A),1418,R,7,AGAGCGC ,6.48,0.93,0.469,7.33,1,1,0.86,0.22,0.45
_00000 CP2,I00132 (CP2),703,N,5,CCAGT ,6.32,1.26,0.746,2.16,1,0.86,0.94,1,0.31
_00000 LBP-1,I00191 (LBP-1),1084,N,5,ACTGG ,7.48,1.5,0.884,0.98,1,0.92,0.98,0.98,0.11
T01043 T01045 T00972 HSF2,M00147 (V$HSF2_01),695,N,10,AGATGATTCC ,7.85,0.78,0.64,4.41,0.98,0.8,0.9,0.99,0.38
_00000 Sp1,I00295 (Sp1),1988,N,6,GGGAGT ,8.33,1.39,0.935,0.58,1,0.95,0.98,0.86,0.0000071
_00000 NF1,I00296 (NF1),619,N,6,CTTGCA ,9.99,1.66,0.96,0.41,0.86,1,0.98,0.86,0.00049
_00000 COUP,I00273 (COUP),110,R,10,GTCAAAGGCC ,13.14,1.31,0.674,6.34,0.11,0.75,0.9,0.0038,0.11
_00000 HOXA5,I00184 (HOXA5),426,R,6,CTTTTG ,8.67,1.44,0.898,0.98,1,0.89,0.95,0.98,0.84
_00000 C/EBP,I00272 (C/EBP),1038,R,9,CTTGCCAAT ,6.43,0.71,0.467,7.34,0.99,0.76,0.71,1,0.14
_00000 NRF-2,I00059 (NRF-2),1142,R,8,CACGGAAG ,10.32,1.29,0.695,4.53,0.31,1,0.9,0.42,0.0095
_00000 TEF2,I00027 (TEF2),1549,R,8,CCACACCC ,15.72,1.96,1,0,0.059,1,1,0,0.02
_00000 DEF,I00073 (DEF),107,R,8,ACAGTCAA ,6.29,0.79,0.498,6.34,1,1,0.83,0.98,0.22
_00000 PU.1,I00047 (PU.1),1740,R,6,GGGGAA ,8.49,1.42,0.741,2.97,0.98,1,0.92,0.95,0.007
T01427 p300,M00033 (V$P300_01),331,N,14,TGTGGTAGTTTGAG ,7.55,0.54,0.52,6.97,0.99,0.87,0.9,0.95,0.21
_00000 ARP-1,I00142 (ARP-1),1019,N,8,TGAACTGA ,6.84,0.86,0.506,6.67,0.91,0.81,0.79,1,0.038
_00000 TFIID,I00217 (TFIID),224,N,6,TCTAAA ,6.32,1.05,0.556,5.05,1,0.75,0.82,1,0.76
_00000 USF,I00368 (USF),523,R,7,TCACGTG ,6.31,0.9,0.499,6.34,1,1,0.84,1,0.92
T02256 AML1a,M00271 (V$AML1_01),57,N,6,TCTGGT ,6.19,1.03,0.569,4.68,1,0.75,0.84,1,0.0000003
_00000 YY1,I00012 (YY1),1212,R,9,GCTGGAAAC ,9.3,1.03,0.721,3.59,0.81,0.98,0.91,0.91,0.82
T00141 c-Myc T00142 T00143 T00489 T00140 Max1,M00123 (V$MYCMAX_02),521,N,12,TGTCACGTGATT ,8.46,0.7,0.527,7.6,0.87,1,0.91,0.54,0.47
_00000 Elf-1/NTF-1,I00239 (Elf-1/NTF-1),1254,N,8,GTTTTAGC ,9.89,1.24,0.796,2.53,0.81,0.88,0.91,0.96,0.93
T00311 GATA-3,M00077 (V$GATA3_01),1312,R,9,GATTATCTT ,6.74,0.75,0.599,4.52,1,1,0.93,1,1
T02256 AML1a,M00271 (V$AML1_01),1968,N,6,TGAGGT ,7.63,1.27,0.702,3.24,0.98,0.83,0.93,0.86,0.0000003
_00000 Sp1,I00295 (Sp1),819,N,6,TGGAGG ,6.77,1.13,0.76,2.14,1,0.95,0.95,1,0.0000071
_00000 TCF-1,I00029 (TCF-1),623,N,6,CAAAGC ,7.94,1.32,0.889,1,0.98,1,0.98,0.86,0.0011
_00000 COUP,I00133 (COUP),992,R,8,CTTGACAC ,8.2,1.02,0.632,4.77,0.91,1,0.82,1,0.21
_00000 DEF,I00073 (DEF),993,N,8,TTGACACT ,7.28,0.91,0.576,5.36,0.86,1,0.95,0.39,0.22
_00000 RXR-alpha,I00038 (RXR-alpha),13,N,11,CTTCCTGACCC ,11.07,1.01,0.704,4.65,0.32,1,0.84,0.8,0.002
_00000 NF-CLE0a,I00396 (NF-CLE0a),866,R,10,GTGAAAATGA ,11.17,1.12,0.604,7.32,0.13,1,0.93,0.03,0.13
_00000 Sp1,I00295 (Sp1),1187,R,6,CCTCCC ,8.33,1.39,0.935,0.58,1,0.95,0.98,0.86,0.0000071
_00000 NF-S,I00202 (NF-S),1412,R,7,GGTCACA ,6.31,0.9,0.499,6.34,1,0.75,0.84,1,0.76
_00000 NF1,I00296 (NF1),1794,R,6,GGCCAG ,7.84,1.31,0.754,2.56,0.99,0.81,0.88,1,0.00049
_00000 TCF-1,I00029 (TCF-1),348,R,6,TCTTTG ,8.26,1.38,0.924,0.68,0.86,1,0.99,0.62,0.0011
T00529 MZF-1,M00084 (V$MZF1_02),1301,R,13,TTTCCCCTCTCGA ,11.94,0.92,0.713,4.8,0.15,1,0.96,0.017,0.72
T00754 T00759 T00752 Sp1,M00196 (V$SP1_Q6),1540,R,13,GACCCCTCCCCAC ,12.4,0.95,0.681,5.8,0.14,0.84,0.91,0.18,0.0000031
_00000 c-Jun,I00010 (c-Jun),519,R,7,TTTGTCA ,9.14,1.31,0.782,2.54,0.89,1,0.94,0.77,0.41
T00311 GATA-3,M00077 (V$GATA3_01),65,R,9,TCCCATCTC ,8.27,0.92,0.735,2.98,0.93,0.89,0.94,1,1
_00000 ARP-1,I00142 (ARP-1),254,R,8,ACAGTTCA ,9.4,1.17,0.695,4.12,0.72,0.81,0.88,0.89,0.038
_00000 TCF-1,I00029 (TCF-1),162,R,6,TCTCTT ,6,1,0.672,2.93,1,0.89,0.89,1,0.0011
T01427 p300,M00033 (V$P300_01),1434,N,14,ACAGGAAGTGGGTT ,9.9,0.71,0.682,4.61,0.45,0.85,0.93,0.67,0.21
_00000 NRF-2,I00059 (NRF-2),1381,N,8,CTTCCGCG ,11.31,1.41,0.761,3.55,0.26,1,0.91,0.39,0.0095
_00000 Ets-1,I00111 (Ets-1),1799,R,10,GACTTCCTCC ,12.29,1.23,0.753,4.02,0.2,1,0.89,0.27,0.0018
_00000 E12,I00274 (E12),1407,N,7,TCTATGG ,6.31,0.9,0.499,6.34,1,1,0.84,1,0.51
_00000 CP2,I00132 (CP2),501,N,5,CCAAT ,8.48,1.7,1,0,0.98,1,1,0,0.31
_00000 AP-1,I00224 (AP-1),553,N,7,GGAGTCA ,9.66,1.38,0.785,2.65,0.7,1,0.92,0.62,0.31
_00000 c-Myb,I00415 (c-Myb),255,R,8,CAGTTCAC ,11.33,1.42,0.905,1.19,0.39,1,0.97,0.26,0.64
_00000 TCF-1,I00029 (TCF-1),1295,R,6,TCTTTT ,7.26,1.21,0.813,1.67,1,1,0.95,1,0.0011
_00000 Elk-1,I00112 (Elk-1),802,R,7,CATCCTC ,8.87,1.27,0.777,2.55,0.96,0.83,0.88,0.97,0.38
T00550 T01944 NF-ATx T01945 NF-ATc T01946 T01947 NF-ATc3 T01948 NFAT-1 T01949 NF-ATp T02462 NF-AT3 T00549 NF-AT,M00302 (V$NFAT_Q6),416,R,12,AGTTTTCCAACT ,11.81,0.98,0.8,2.95,0.24,1,0.97,0.23,-1
T00250 Elk-1,M00025 (V$ELK1_02),1846,R,14,TCATTTCCGGTGGG ,13.98,1,0.874,2.02,0.015,1,0.97,0.034,0.01
_00000 TFIID,I00291 (TFIID),474,N,6,GTTAAA ,9.45,1.58,0.858,1.56,0.95,0.87,0.94,0.62,0.75
_00000 LyF-1,I00084 (LyF-1),36,N,9,CTTAGGAGG ,8.13,0.9,0.556,6.5,0.87,0.78,0.79,1,0.3
_00000 TCF-1,I00029 (TCF-1),1949,N,6,CAGAGG ,7.68,1.28,0.859,1.26,0.99,0.89,0.93,1,0.0011
_00000 GHF-1,I00106 (GHF-1),448,N,8,AAATTTAT ,6.09,0.76,0.492,6.27,1,0.72,0.84,1,0.92
_00000 T3R-alpha,I00033 (T3R-alpha),613,N,6,TGACCC ,8.9,1.48,0.872,1.31,0.98,1,0.94,0.98,0.84
_00000 H-2RIIBP,I00178 (H-2RIIBP),653,R,6,GATGTC ,8.28,1.38,0.886,1.07,1,0.88,0.94,0.98,0.94
_00000 ER,I00276 (ER),613,N,5,TGACC ,9.96,1.99,1,0,0.98,1,1,0,0.1
_00000 HOXD10,I00179 (HOXD10),1058,N,8,AATAAAAT ,11.59,1.45,0.881,1.56,0.46,1,0.94,0.52,0.013
T00138 T00139 T00137 c-Myb,M00183 (V$MYB_Q6),1922,R,10,GGAAGTGGAG ,6.07,0.61,0.52,5.59,1,0.75,0.76,1,0.19
_00000 E2F-1,I00107 (E2F-1),1764,R,8,GCGGGTAA ,6.08,0.76,0.454,7.32,0.97,0.9,0.89,0.69,0.31
_00000 TTF-1,I00022 (TTF-1),1263,N,8,GAGTGAAG ,6.7,0.84,0.505,6.58,1,0.76,0.73,1,0.44
T01043 T01045 T00972 HSF2,M00147 (V$HSF2_01),157,R,10,GGAACTCTCT ,6.05,0.61,0.494,6.2,1,0.78,0.89,1,0.38
_00000 C/EBP,I00272 (C/EBP),592,R,9,TTAGGTAAC ,8.64,0.96,0.627,5.13,0.87,0.92,0.9,0.87,0.14
_00000 H-2RIIBP,I00178 (H-2RIIBP),1565,R,6,CAGGTC ,8.28,1.38,0.886,1.07,1,0.97,0.94,0.98,0.94
_00000 GR/PR,I00104 (GR/PR),1049,N,6,TTTTCT ,6.16,1.03,0.566,4.72,1,0.74,0.8,1,0.064
T00138 T00139 T00137 c-Myb,M00183 (V$MYB_Q6),380,N,10,GAAAACTGAC ,7.43,0.74,0.638,4.23,1,1,0.96,0.67,0.19
_00000 Ker-1,I00089 (Ker-1),818,R,8,CTGGAGGC ,8.04,1.01,0.523,7.33,0.78,0.75,0.87,0.78,0.45
_00000 Ga,I00174 (Ga),1072,R,8,GGGAGGAT ,8.26,1.03,0.566,6.34,0.94,0.75,0.86,0.94,0.53
_00000 NF-IL6,I00088 (NF-IL6),221,R,9,TTTTCTAAA ,6.14,0.68,0.469,6.94,1,0.95,0.91,0.95,0.58
_00000 muEBP-C2,I00005 (muEBP-C2),186,R,6,CACATG ,11.69,1.95,1,0,0.62,1,1,0,0.62
_00000 GR/PR,I00104 (GR/PR),201,N,6,TGATCT ,7.07,1.18,0.65,3.8,1,0.76,0.83,1,0.064
T00308 GATA-2,M00076 (V$GATA2_01),799,R,10,CAGCATCCTC ,7.43,0.74,0.737,2.65,1,0.93,0.95,1,0.99
_00000 HOXD10,I00179 (HOXD10),449,R,8,AATTTATG ,11.59,1.45,0.881,1.56,0.46,1,0.94,0.52,0.013
T00525 T00526 T01128 T00524 MyoD,M00184 (V$MYOD_Q6),995,R,10,GACACTTGGA ,7.24,0.72,0.521,6.65,0.96,0.64,0.88,0.99,0.78
_00000 IgPE-1,I00188 (IgPE-1),1069,N,9,TGTGGGAGG ,7.47,0.83,0.499,7.5,0.68,1,0.94,0.23,0.68
_00000 Sp1,I00295 (Sp1),1372,N,6,GGGCGG ,8.91,1.49,1,0,0.86,1,1,0,0.0000071
_00000 AP-3,I00271 (AP-3),785,R,9,CTTGGCAAA ,10.46,1.16,0.695,4.59,0.47,0.81,0.83,0.91,0.061
T00759 Sp1,R00224 () R01310 (),1713,R,10,GGGGCGGGGC ,20,2,1,0,0,,,,-1
_00000 H4TF2,I00180 (H4TF2),1567,N,5,GGTCC ,9.74,1.95,1,0,0.98,1,1,0,0.75
_00000 Sp1,I00032 (Sp1),1645,N,10,GAGGCGGAGC ,12.53,1.25,0.738,4.45,0.14,1,0.86,0.51,0.0000084
_00000 TFII-I,I00216 (TFII-I),1262,R,6,AGAGTG ,8.94,1.49,0.819,1.97,0.98,0.82,0.91,0.98,0.087
_00000 TFIID,I00217 (TFIID),974,N,6,TATAAC ,7.53,1.25,0.662,3.84,0.98,1,0.89,0.86,0.76
_00000 CP2,I00132 (CP2),1818,N,5,CCACT ,7.31,1.46,0.863,1.16,1,0.9,0.95,1,0.31
_00000 TFIID,I00338 (TFIID),442,R,6,TGAATA ,6.55,1.09,0.608,4.23,1,0.93,0.81,1,0.98
_00000 TCF-1,I00029 (TCF-1),219,R,6,CCTTTT ,7.94,1.32,0.888,1,0.98,1,0.97,0.98,0.0011
_00000 GR/PR,I00104 (GR/PR),151,N,6,TTTTCT ,6.16,1.03,0.566,4.72,1,0.74,0.8,1,0.064
_00000 TFII-I,I00216 (TFII-I),161,N,6,CTCTCT ,10.91,1.82,1,0,0.62,1,1,0,0.087
T00100 CUTL1,M00106 (V$CDPCR3HD_01),1233,N,10,CAAAGATGCC ,7,0.7,0.515,6.6,0.99,0.93,0.82,1,0.95
_00000 GT-IIA,I00172 (GT-IIA),1091,R,7,GGAAAGC ,6.07,0.87,0.467,6.92,0.86,1,0.92,0.52,0.58
_00000 LBP-1,I00191 (LBP-1),1462,R,5,CCAGC ,7.48,1.5,0.884,0.98,1,0.92,0.98,0.98,0.11
_00000 MEF-2,I00079 (MEF-2),485,N,10,TTATTTAAAA ,10.93,1.09,0.622,6.63,0.22,1,0.81,0.75,0.28
T00308 GATA-2,M00076 (V$GATA2_01),314,N,10,TGAGATGCGT ,6.52,0.65,0.647,3.56,1,0.93,0.95,1,0.99
T00036 AP-4,M00176 (V$AP4_Q6),1485,N,10,GGCAGCGGCG ,8,0.8,0.531,7.06,0.78,1,0.85,0.97,0.21
T00625 AREB6,M00415 (V$AREB6_04),1214,R,9,TGGAAACGC ,8.02,0.89,0.684,3.71,0.99,1,0.96,0.97,0.83
T01071 Hlf,M00260 (V$HLF_01),742,N,10,GTTACATAAA ,12.52,1.25,0.795,3.22,0.15,1,0.93,0.08,0.83
_00000 HEB,I00173 (HEB),1208,N,8,GCCGGCTG ,6.55,0.82,0.466,7.5,0.87,0.83,0.93,0.42,0.099
_00000 LBP-1,I00191 (LBP-1),1513,N,5,CCTGG ,8.46,1.69,1,0,0.98,1,1,0,0.11
_00000 TTF-1,I00022 (TTF-1),714,R,8,TATGACAG ,6.1,0.76,0.459,7.19,1,0.8,0.67,1,0.44
_00000 c-Fos,I00414 (c-Fos),107,N,7,ACAGTCA ,6.5,0.93,0.516,6.11,0.99,1,0.84,0.99,0.75
T00308 GATA-2,M00076 (V$GATA2_01),650,N,10,CCAGATGTCT ,6.86,0.69,0.68,3.22,1,0.93,0.95,1,0.99
_00000 C/EBP,I00034 (C/EBP),1726,N,10,TTTACCAAGC ,6,0.6,0.493,6.18,1,0.94,0.85,1,0.11
_00000 NF-X,I00067 (NF-X),302,R,8,TTTGCTAG ,7.46,0.93,0.505,7.33,0.94,1,0.86,0.94,0.31
_00000 LBP-1,I00191 (LBP-1),275,N,5,CCTGG ,8.46,1.69,1,0,0.98,1,1,0,0.11
_00000 R2,I00041 (R2),161,R,7,CTCTCTT ,10.18,1.45,0.946,0.58,0.77,1,0.97,0.52,0.53
_00000 LBP-1,I00191 (LBP-1),641,N,5,GCTGG ,7.48,1.5,0.884,0.98,1,0.92,0.98,0.98,0.11
T00169 T01154 T00168 c-Rel,M00053 (V$CREL_01),58,N,10,CTGGTATTCC ,8.24,0.82,0.554,6.63,0.88,0.91,0.81,1,0.023
_00000 EF-1A,I00167 (EF-1A),1436,N,8,AGGAAGTG ,14.21,1.78,1,0,0.11,1,1,0,0.046
T02256 AML1a,M00271 (V$AML1_01),707,N,6,TATGGT ,6.19,1.03,0.569,4.68,1,0.75,0.84,1,0.0000003
T01042 T01525 HSF1_(long) T01044 HSF1,M00146 (V$HSF1_01),78,N,10,AGAATTTTCC ,10.61,1.06,0.781,2.97,0.28,1,0.96,0.19,0.56
_00000 E12,I00081 (E12),651,R,6,CAGATG ,10.23,1.7,0.912,0.98,0.86,0.91,0.96,0.62,0.58
_00000 NF-X,I00067 (NF-X),1213,N,8,CTGGAAAC ,7.46,0.93,0.505,7.33,0.94,0.75,0.86,0.94,0.31
_00000 AP-3,I00150 (AP-3),756,R,8,TTTCCTCT ,6.77,0.85,0.598,4.55,1,0.62,0.81,1,1
_00000 DEF,I00073 (DEF),1430,R,8,ACTAACAG ,6.29,0.79,0.498,6.34,1,0.71,0.83,0.98,0.22
_00000 Sp1,I00032 (Sp1),1371,N,10,GGGGCGGAGG ,13.07,1.31,0.769,3.91,0.1,1,0.93,0.08,0.0000084
_00000 Sp1,I00295 (Sp1),51,N,6,AGGAGT ,7.75,1.29,0.87,1.16,1,0.95,0.97,1,0.0000071
_00000 E12,I00274 (E12),648,R,7,CCCCAGA ,6.31,0.9,0.499,6.34,1,1,0.84,1,0.51
_00000 RXR-alpha,I00038 (RXR-alpha),1766,R,11,GGGTAAGGGGC ,9.2,0.84,0.585,6.52,0.74,0.75,0.77,1,0.002
_00000 TFIID,I00217 (TFIID),1058,N,6,AATAAA ,6.32,1.05,0.556,5.05,1,0.75,0.82,1,0.76
T01042 T01525 HSF1_(long) T01044 HSF1,M00146 (V$HSF1_01),705,N,10,AGTATGGTCT ,7.15,0.71,0.526,6.44,1,0.76,0.82,1,0.56
T00944 T01492 STAT1alpha T01493 STAT3 T01494 STAT2 T01573 STAT1beta T01574 STAT4 T01576 STAT5 T01577 STAT5A T01578 STAT5B T01579 STAT6 T01580 T01581 T01575 STAT1,M00223 (V$STAT_01),757,N,9,TTCCTCTAA ,11.16,1.24,0.737,3.98,0.36,1,0.92,0.34,-1
T00138 T00139 T00137 c-Myb,M00183 (V$MYB_Q6),43,R,10,GGCTGTTCAG ,6.93,0.69,0.595,4.73,1,0.86,0.94,0.99,0.19
_00000 NF1,I00296 (NF1),1221,R,6,GCCCAG ,6.53,1.09,0.628,3.87,1,0.81,0.82,1,0.00049
_00000 Elf-1/NTF-1,I00239 (Elf-1/NTF-1),1831,N,8,GTTTTAGC ,9.89,1.24,0.796,2.53,0.81,0.88,0.91,0.96,0.93
T00525 T00526 T01128 T00524 MyoD,M00184 (V$MYOD_Q6),522,R,10,GTCACGTGAT ,6.47,0.65,0.466,7.42,0.98,0.77,0.88,0.99,0.78
_00000 TEF1/GT-IIC,I00028 (TEF1/GT-IIC),344,R,8,GCATTCTT ,9.58,1.2,0.677,4.58,0.62,1,0.83,0.98,0.33
_00000 GR/PR,I00104 (GR/PR),237,R,6,TGAACA ,7.3,1.22,0.672,3.57,1,1,0.86,0.99,0.064
_00000 CTF,I00123 (CTF),1032,N,14,TGGCATCTTGCCAA ,14.7,1.05,0.851,2.58,0.0095,1,0.98,0.0047,0.16
_00000 LBP-1,I00191 (LBP-1),1905,N,5,GCTGG ,7.48,1.5,0.884,0.98,1,0.92,0.98,0.98,0.11
_00000 AF-1,I00144 (AF-1),387,N,8,GACCTTTT ,8.22,1.03,0.543,6.92,0.78,1,0.86,0.22,0.2
_00000 CP1,I00066 (CP1),1042,N,5,CCAAT ,9.94,1.99,1,0,0.98,1,1,0,0.75
_00000 Sp1,I00295 (Sp1),1762,N,6,TGGCGG ,7.35,1.22,0.825,1.56,1,1,0.97,1,0.0000071
T01427 p300,M00033 (V$P300_01),1746,R,14,TTCTTACTCCCGGG ,7.94,0.57,0.547,6.58,0.96,1,0.93,0.6,0.21
_00000 MBF-1,I00083 (MBF-1),74,N,6,TTTAAG ,8.27,1.38,0.764,2.55,0.98,0.84,0.89,1,0.35
_00000 HEB,I00173 (HEB),1562,R,8,CCGCAGGT ,6.71,0.84,0.478,7.33,0.67,1,0.91,0.6,0.099
T00138 T00139 T00137 c-Myb,M00183 (V$MYB_Q6),1182,N,10,CTGAACCTCC ,6.6,0.66,0.566,5.06,1,0.87,0.92,1,0.19
_00000 E12,I00274 (E12),1392,R,7,CCCCAGA ,6.31,0.9,0.499,6.34,1,1,0.84,1,0.51
_00000 NF1,I00296 (NF1),119,N,6,CTTGGC ,9.09,1.51,0.874,1.31,0.95,1,0.94,0.95,0.00049
_00000 HOXD10,I00179 (HOXD10),444,N,8,AATAAAAT ,11.59,1.45,0.881,1.56,0.46,1,0.94,0.52,0.013
_00000 PU.1,I00047 (PU.1),211,N,6,TTCCTC ,11.46,1.91,1,0,0.62,1,1,0.62,0.007
T01797 T01798 T01346 Arnt,M00236 (V$ARNT_01),519,N,16,TTTGTCACGTGATTTT ,13.68,0.85,0.74,4.81,0.088,1,0.97,0.04,0.000013
_00000 Net,I00058 (Net),1920,N,8,CCGGAAGT ,8.26,1.03,0.566,6.34,0.94,0.75,0.86,0.94,0.0083
_00000 Oct-1,I00286 (Oct-1),618,R,8,CCTTGCAA ,10.45,1.31,0.78,2.95,0.6,1,0.89,0.69,0.31
T00754 T00759 T00752 Sp1,M00196 (V$SP1_Q6),1770,N,13,AAGGGGCGGAGTC ,14.07,1.08,0.773,4.13,0.038,1,0.93,0.078,0.0000031
_00000 Sp1,I00295 (Sp1),680,R,6,CCTCCA ,6.77,1.13,0.76,2.14,1,0.95,0.95,1,0.0000071
_00000 ER,I00276 (ER),386,N,5,TGACC ,9.96,1.99,1,0,0.98,1,1,0,0.1
_00000 PEA3,I00212 (PEA3),13,R,6,CTTCCT ,10.88,1.81,1,0,0.62,1,1,0.62,0.1
_00000 SAP-1,I00037 (SAP-1),1404,N,10,CCATCTATGG ,10.59,1.06,0.591,7.32,0.16,1,0.93,0.094,0.16
_00000 GCF,I00152 (GCF),1369,N,8,GCGGGGCG ,12.57,1.57,1,0,0.22,1,1,0,0.00023
_00000 GCF,I00152 (GCF),1789,R,8,CGGGCGGC ,9.45,1.18,0.752,3.12,0.82,0.86,0.87,0.99,0.00023
T00534 T00535 T00536 T00537 T00538 T00539 T01036 T01298 T00533 NF-1,M00193 (V$NF1_Q6),1030,R,18,GGTGGCATCTTGCCAATT ,13.11,0.73,0.761,4.11,0.036,1,0.97,0.013,0.086
_00000 LEF-1,I00393 (LEF-1),1111,N,8,GAACAAAG ,15.72,1.96,1,0,0.059,1,1,0,0.45
_00000 GCF,I00152 (GCF),1823,R,8,AGGCCGGC ,9.45,1.18,0.752,3.12,0.82,0.86,0.87,0.99,0.00023
_00000 NF-IL6,I00088 (NF-IL6),592,N,9,TTAGGTAAC ,7.95,0.88,0.608,5.13,0.98,0.9,0.92,0.91,0.58
_00000 c-Jun,I00010 (c-Jun),442,N,7,TGAATAA ,7.04,1.01,0.603,4.64,1,0.77,0.82,1,0.41
_00000 AP-1,I00224 (AP-1),519,N,7,TTTGTCA ,7.04,1.01,0.573,5.26,0.99,0.79,0.87,0.96,0.31
_00000 LBP-1,I00191 (LBP-1),703,R,5,CCAGT ,7.48,1.5,0.884,0.98,1,0.92,0.98,0.98,0.11
T00459 T00581 T00017 C/EBPbeta,M00117 (V$CEBPB_02),740,N,14,TAGTTACATAAATG ,8.6,0.61,0.555,6.89,0.89,0.83,0.88,0.92,0.28
_00000 PU.1,I00047 (PU.1),1802,N,6,TTCCTC ,11.46,1.91,1,0,0.62,1,1,0.62,0.007
T00033 AP-2alpha T00035 AP-2alphaA T02466 AP-2alphaB T02468 AP-2gamma T02469 AP-2beta T02470 T00952 AP-2,M00189 (V$AP2_Q6),1123,N,12,GATCCCCAGGCC ,9.58,0.8,0.599,6.42,0.69,0.76,0.81,1,-1
_00000 Sp1,I00295 (Sp1),1790,N,6,GGGCGG ,8.91,1.49,1,0,0.86,1,1,0,0.0000071
_00000 DEF,I00073 (DEF),251,N,8,TTCACAGT ,6.29,0.79,0.498,6.34,1,0.71,0.83,0.98,0.22
_00000 C/EBP,I00034 (C/EBP),1178,N,10,CTTGCTGAAC ,8.35,0.84,0.686,3.83,0.97,1,0.97,0.59,0.11
T00625 AREB6,M00415 (V$AREB6_04),1609,R,9,CACAAACGG ,10.51,1.17,0.896,1.22,0.55,1,0.97,0.92,0.83
_00000 NF1,I00296 (NF1),1514,N,6,CTGGGC ,6.53,1.09,0.628,3.87,1,0.81,0.82,1,0.00049
_00000 c-Fos,I00414 (c-Fos),1993,R,7,TGACTGG ,6.5,0.93,0.516,6.11,0.99,1,0.84,0.99,0.75
_00000 RAR-beta,I00402 (RAR-beta),18,R,6,TGACCC ,11.14,1.86,1,0,0.62,1,1,0,0.31
T00754 T00759 T00752 Sp1,M00196 (V$SP1_Q6),1369,N,13,GCGGGGCGGAGGC ,13.47,1.04,0.74,4.73,0.063,1,0.92,0.098,0.0000031
_00000 NF-S,I00202 (NF-S),1953,R,7,GGTGAGA ,6.31,0.9,0.499,6.34,1,0.75,0.84,1,0.76
_00000 DEF,I00073 (DEF),564,R,8,ACTGAGAA ,6.29,0.79,0.498,6.34,1,0.71,0.83,0.98,0.22
_00000 R2,I00041 (R2),1899,N,7,AAGGTTG ,7.8,1.11,0.725,2.96,0.99,0.82,0.89,1,0.53
_00000 AP-3,I00150 (AP-3),952,N,8,TGTTGAAT ,7.53,0.94,0.665,3.79,0.99,0.8,0.91,0.89,1
T01042 T01525 HSF1_(long) T01044 HSF1,M00146 (V$HSF1_01),695,R,10,AGATGATTCC ,6.01,0.6,0.442,7.57,1,0.92,0.89,0.98,0.56
_00000 GCF,I00152 (GCF),1838,N,8,CCGGCCCT ,9.45,1.18,0.752,3.12,0.82,0.86,0.87,0.99,0.00023
_00000 USF,I00368 (USF),524,N,7,CACGTGA ,6.31,0.9,0.499,6.34,1,1,0.84,1,0.92
_00000 TFIID,I00217 (TFIID),582,R,6,TTTAGA ,6.32,1.05,0.556,5.05,1,0.75,0.82,1,0.76
_00000 NF-IL6,I00088 (NF-IL6),619,R,9,CTTGCAAAG ,6.72,0.75,0.514,6.35,1,1,0.78,1,0.58
_00000 Sp1,I00295 (Sp1),1072,N,6,GGGAGG ,8.33,1.39,0.935,0.58,1,0.95,0.98,0.86,0.0000071
_00000 RXR-alpha,I00038 (RXR-alpha),608,N,11,AATTCTGACCC ,11.76,1.07,0.748,3.96,0.21,1,0.91,0.2,0.002
T00550 T01944 NF-ATx T01945 NF-ATc T01946 T01947 NF-ATc3 T01948 NFAT-1 T01949 NF-ATp T02462 NF-AT3 T00549 NF-AT,M00302 (V$NFAT_Q6),753,R,12,GTGTTTCCTCTA ,11.95,1,0.809,2.81,0.2,1,0.97,0.31,-1
_00000 RAR-gamma,I00404 (RAR-gamma),95,R,7,GTGGTGA ,7.29,1.04,0.535,6.34,1,1,0.86,0.22,0.62
_00000 COUP,I00133 (COUP),384,R,8,ACTGACCT ,9.39,1.17,0.724,3.58,0.74,1,0.96,0.46,0.21
_00000 EIIaE-A,I00143 (EIIaE-A),911,R,7,AGCGCGC ,6.48,0.93,0.469,7.33,1,1,0.86,0.22,0.45
_00000 CP2,I00132 (CP2),1870,N,5,CCAGT ,6.32,1.26,0.746,2.16,1,0.86,0.94,1,0.31
_00000 Elk-1,I00112 (Elk-1),1435,N,7,CAGGAAG ,11.43,1.63,1,0,0.22,1,1,0,0.38
T00138 T00139 T00137 c-Myb,M00183 (V$MYB_Q6),253,R,10,CACAGTTCAC ,7.5,0.75,0.643,4.16,1,1,0.94,0.99,0.19
_00000 E47,I00118 (E47),50,R,11,CAGGAGTTCTG ,13.12,1.19,0.674,6.34,0.11,0.75,0.9,0.015,0.11
_00000 C/EBP,I00034 (C/EBP),221,N,10,TTTTCTAAAT ,8.27,0.83,0.679,3.91,0.97,0.94,0.95,0.87,0.11
_00000 HSTF,I00315 (HSTF),1051,N,8,TTCTGGAA ,8.22,1.03,0.543,6.92,0.78,1,0.86,0.22,0.069
_00000 LBP-1,I00280 (LBP-1),1916,R,8,CTTGCCGG ,7.64,0.96,0.525,6.92,0.79,1,0.85,0.62,0.039
_00000 Net,I00058 (Net),1509,R,8,AAATCCTG ,8.26,1.03,0.566,6.34,0.94,1,0.86,0.94,0.0083
_00000 Ig/EBP1,I00186 (Ig/EBP1),517,N,9,ATTTTGTCA ,8.11,0.9,0.596,5.5,0.86,0.57,0.81,1,0.49
T00872 USF-1 T00874 T00875 T00876 USF1 T00877 T00870 USF,M00187 (V$USF_Q6),1780,N,10,GTCACTAGCC ,7.43,0.74,0.513,7.06,0.99,0.86,0.9,0.89,0.5
_00000 H-2RIIBP,I00178 (H-2RIIBP),1397,N,6,GACCTG ,8.28,1.38,0.886,1.07,1,0.97,0.94,0.98,0.94
_00000 AP-1,I00270 (AP-1),963,N,7,TGACTCT ,6.25,0.89,0.497,6.34,0.86,1,0.93,0.52,0.31
T00100 CUTL1,M00106 (V$CDPCR3HD_01),1403,R,10,ACCATCTATG ,7.4,0.74,0.544,6.19,0.98,0.93,0.92,0.9,0.95
_00000 PU.1,I00047 (PU.1),1616,R,6,GGGGAA ,8.49,1.42,0.741,2.97,0.98,1,0.92,0.95,0.007
_00000 X2BP,I00015 (X2BP),437,N,8,ATGTCTGA ,6.48,0.81,0.484,6.92,0.89,0.73,0.82,1,0.5
_00000 AP-3,I00150 (AP-3),865,N,8,AGTGAAAA ,6.89,0.86,0.609,4.43,1,0.82,0.9,0.94,1
T00550 T01944 NF-ATx T01945 NF-ATc T01946 T01947 NF-ATc3 T01948 NFAT-1 T01949 NF-ATp T02462 NF-AT3 T00549 NF-AT,M00302 (V$NFAT_Q6),1298,R,12,TTTTTTCCCCTC ,8.9,0.74,0.603,5.86,0.84,1,0.95,0.58,-1
_00000 GCF,I00152 (GCF),1648,N,8,GCGGAGCT ,6.23,0.78,0.496,6.34,0.91,1,0.94,0.22,0.00023
_00000 RAR-alpha1,I00401 (RAR-alpha1),613,N,9,TGACCCCTT ,13.48,1.5,0.911,1.31,0.1,1,0.95,0.11,0.14
_00000 RXR-alpha,I00038 (RXR-alpha),1391,N,11,GCCCCAGACCT ,9.09,0.83,0.578,6.63,0.76,1,0.8,0.99,0.002
_00000 NF1,I00296 (NF1),1906,N,6,CTGGGC ,6.53,1.09,0.628,3.87,1,0.81,0.82,1,0.00049
_00000 Elf-1,I00113 (Elf-1),757,N,7,TTCCTCT ,12.39,1.77,1,0,0.22,1,1,0.22,0.018
_00000 RFX2,I00406 (RFX2),241,N,6,CATCTG ,11.21,1.87,1,0,0.62,1,1,0,0.58
T00872 USF-1 T00874 T00875 T00876 USF1 T00877 T00870 USF,M00187 (V$USF_Q6),1868,R,10,GCCCAGTGAG ,10.06,1.01,0.695,4.42,0.61,0.86,0.91,0.86,0.5
_00000 LBP-1,I00280 (LBP-1),1792,N,8,GCGGCCAG ,7.64,0.96,0.525,6.92,0.79,0.73,0.85,0.62,0.039
T00719 RAR-alpha1,R03943 (),602,R,16,TGACCNNNNNNTGACC ,20,1.25,1,0,0,,,,-1
_00000 GHF-1,I00106 (GHF-1),747,R,8,ATAAATGT ,6.74,0.84,0.545,5.62,1,0.75,0.85,1,0.92
_00000 TCF-1,I00029 (TCF-1),1587,N,6,CAGAGC ,6.68,1.11,0.748,2.25,1,0.89,0.91,1,0.0011
_00000 RAR-gamma1,I00405 (RAR-gamma1),385,R,11,CTGACCTTTTC ,13.12,1.19,0.674,6.34,0.11,0.71,0.9,0.015,0.0061
T00944 T01492 STAT1alpha T01493 STAT3 T01494 STAT2 T01573 STAT1beta T01574 STAT4 T01576 STAT5 T01577 STAT5A T01578 STAT5B T01579 STAT6 T01580 T01581 T01575 STAT1,M00223 (V$STAT_01),936,R,9,TTATAAGAA ,9.58,1.06,0.633,5.56,0.56,0.81,0.84,0.9,-1
_00000 CTF,I00123 (CTF),1031,R,14,GTGGCATCTTGCCA ,10.9,0.78,0.631,6.38,0.28,1,0.89,0.25,0.16
_00000 Elf-1,I00113 (Elf-1),1434,R,7,ACAGGAA ,11.81,1.69,0.953,0.58,0.52,1,0.98,0.52,0.018
_00000 E4F,I00125 (E4F),434,R,8,GTTATGTC ,8.8,1.1,0.56,6.92,0.78,0.75,0.88,0.059,0.45
T01427 p300,M00033 (V$P300_01),671,R,14,CTATCACTGCCTCC ,8.38,0.6,0.577,6.14,0.89,0.83,0.92,0.83,0.21
T00138 T00139 T00137 c-Myb,M00183 (V$MYB_Q6),540,N,10,GTTAACTATT ,6.92,0.69,0.593,4.74,1,1,0.92,1,0.19
_00000 c-Jun,I00010 (c-Jun),125,R,7,ATAGTCA ,7.34,1.05,0.628,4.34,1,1,0.9,0.99,0.41
_00000 GR/PR,I00104 (GR/PR),1912,N,6,GGTTCT ,6.27,1.04,0.577,4.6,1,1,0.85,1,0.064
_00000 Oct-1,I00286 (Oct-1),1053,N,8,CTGGAAAT ,6.08,0.76,0.454,7.32,0.97,0.91,0.89,0.69,0.31
_00000 c-Myb,I00415 (c-Myb),1018,N,8,TTGAACTG ,8.55,1.07,0.683,3.96,0.94,1,0.94,0.75,0.64
_00000 SRY,I00035 (SRY),1295,R,8,TCTTTTTT ,8.04,1.01,0.538,6.92,0.39,1,0.93,0.17,0.023
_00000 NF1,I00296 (NF1),999,N,6,CTTGGA ,8.68,1.45,0.834,1.72,0.98,1,0.92,1,0.00049
_00000 NFAT-1,I00063 (NFAT-1),1300,R,8,TTTTCCCC ,6.06,0.76,0.467,6.92,0.92,0.77,0.91,0.79,0.47
_00000 Sp1,I00295 (Sp1),1679,N,6,GGGCGT ,8.91,1.49,1,0,0.86,1,1,0,0.0000071
_00000 NF-muE1,I00065 (NF-muE1),1171,R,11,CGGCCACCTTG ,16.23,1.48,0.9,1.79,0.0085,0.86,0.96,0.0085,0.32
_00000 DEF,I00073 (DEF),377,R,8,AATGAAAA ,6.29,0.79,0.498,6.34,1,0.71,0.83,0.98,0.22
_00000 AP-3,I00271 (AP-3),786,N,9,TTGGCAAAT ,9.79,1.09,0.651,5.26,0.65,0.71,0.83,0.88,0.061
_00000 TEF2,I00027 (TEF2),1679,N,8,GGGCGTGG ,8.8,1.1,0.56,6.92,0.78,0.75,0.88,0.059,0.02
_00000 HSTF,I00315 (HSTF),1051,R,8,TTCTGGAA ,14.16,1.77,0.935,0.98,0.11,0.91,0.97,0.059,0.069
_00000 RAR-gamma,I00404 (RAR-gamma),1738,R,7,GAGGGGA ,7.29,1.04,0.535,6.34,1,0.75,0.86,0.22,0.62
_00000 R2,I00041 (R2),1454,R,7,CCACCTT ,8.78,1.25,0.817,1.97,0.97,0.82,0.91,1,0.53
_00000 SRY,I00035 (SRY),1065,R,8,TCTTTGTG ,7.63,0.95,0.51,7.33,0.79,1,0.86,0.62,0.023
_00000 NFAT-1,I00063 (NFAT-1),1747,R,8,TCTTACTC ,11.02,1.38,0.849,1.96,0.49,0.92,0.97,0.26,0.47
_00000 AP-3,I00271 (AP-3),191,N,9,GTTGGCAAT ,7.39,0.82,0.491,7.65,0.9,1,0.89,0.27,0.061
_00000 E12,I00274 (E12),1118,R,7,GCTCAGA ,6.31,0.9,0.499,6.34,1,1,0.84,1,0.51
_00000 Sp1,I00032 (Sp1),1756,N,10,CGGGCGTGGC ,9.73,0.97,0.573,7.25,0.53,1,0.84,0.71,0.0000084
_00000 NF-S,I00202 (NF-S),1203,N,7,TGGCAGC ,6.31,0.9,0.499,6.34,1,0.75,0.84,1,0.76
_00000 DEF,I00073 (DEF),126,N,8,TAGTCAGT ,6.29,0.79,0.498,6.34,1,0.71,0.83,0.98,0.22
T00036 AP-4,M00176 (V$AP4_Q6),1001,R,10,TGGAGCTGTC ,8.98,0.9,0.596,6.08,0.7,1,0.87,0.94,0.21
T04077 T04076 TGIF,M00418 (V$TGIF_01),1004,N,11,AGCTGTCAGAG ,14.67,1.33,0.891,1.79,0.035,1,0.97,0.028,0.18
_00000 RXR-alpha,I00038 (RXR-alpha),1963,R,11,AAGTCTGAGGT ,9.04,0.82,0.575,6.69,0.77,0.75,0.74,1,0.002
_00000 C/EBP,I00034 (C/EBP),784,R,10,ACTTGGCAAA ,6.6,0.66,0.542,5.58,1,1,0.87,1,0.11
_00000 NF1,I00296 (NF1),1636,R,6,GCCCAG ,6.53,1.09,0.628,3.87,1,0.81,0.82,1,0.00049
_00000 PSE1,I00046 (PSE1),383,R,8,AACTGACC ,7.28,0.91,0.534,6.34,0.99,0.71,0.85,1,0.89
_00000 Net,I00058 (Net),1881,N,8,CCGGAAGT ,8.26,1.03,0.566,6.34,0.94,0.75,0.86,0.94,0.0083
_00000 NF1,I00296 (NF1),898,N,6,CTGGCA ,7.43,1.24,0.715,2.97,1,0.81,0.86,1,0.00049
T02256 AML1a,M00271 (V$AML1_01),331,N,6,TGTGGT ,10.87,1.81,1,0,0.62,1,1,0,0.0000003
_00000 PSE1,I00046 (PSE1),405,N,8,GGTCACTG ,7.28,0.91,0.534,6.34,0.99,1,0.85,1,0.89
T01043 T01045 T00972 HSF2,M00147 (V$HSF2_01),1376,N,10,GGAGGCTTCC ,6.49,0.65,0.53,5.76,1,0.76,0.89,1,0.38
_00000 MBF-1,I00083 (MBF-1),762,R,6,CTAAAA ,10.24,1.71,0.946,0.58,0.86,1,0.98,0.62,0.35
_00000 HOXD10,I00179 (HOXD10),483,N,8,CATTATTT ,8.46,1.06,0.644,4.68,0.84,0.87,0.81,1,0.013
_00000 DEF,I00073 (DEF),479,N,8,ATGTCATT ,6.29,0.79,0.498,6.34,1,0.71,0.83,0.98,0.22
_00000 LBP-1,I00191 (LBP-1),1250,R,5,CCAGG ,8.46,1.69,1,0,0.98,1,1,0,0.11
_00000 C/EBP,I00034 (C/EBP),591,R,10,CTTAGGTAAC ,9.67,0.97,0.794,2.51,0.79,0.94,0.97,0.68,0.11
T00525 T00526 T01128 T00524 MyoD,M00184 (V$MYOD_Q6),184,R,10,AGCACATGTT ,6.96,0.7,0.501,6.93,0.97,0.68,0.84,1,0.78
_00000 NF-IL6,I00088 (NF-IL6),742,R,9,GTTACATAA ,8.86,0.98,0.678,4.21,0.91,0.9,0.93,0.84,0.58
_00000 YY1,I00012 (YY1),1792,N,9,GCGGCCAGA ,10.48,1.16,0.812,2.42,0.47,1,0.93,0.64,0.82
T00625 AREB6,M00415 (V$AREB6_04),1617,R,9,GGGAAACCG ,9.43,1.05,0.804,2.3,0.91,1,0.98,0.52,0.83
_00000 E12,I00274 (E12),111,N,7,TCAAAGG ,6.31,0.9,0.499,6.34,1,0.71,0.84,1,0.51
_00000 IBP-1,I00185 (IBP-1),864,N,11,AAGTGAAAATG ,12.97,1.18,0.672,6.34,0.015,1,0.97,0.011,0.11
_00000 Sp1,I00295 (Sp1),1705,R,6,CCGCCT ,8.33,1.39,0.935,0.58,1,1,0.98,0.86,0.0000071
_00000 Elk-1,I00112 (Elk-1),1801,R,7,CTTCCTC ,10.85,1.55,0.949,0.58,0.52,1,0.97,0.22,0.38
_00000 CP2,I00132 (CP2),817,R,5,ACTGG ,6.32,1.26,0.746,2.16,1,0.86,0.94,1,0.31
_00000 AP-4,I00153 (AP-4),1487,N,9,CAGCGGCGG ,12.06,1.34,0.762,3.77,0.19,1,0.91,0.24,0.47
T00250 Elk-1,M00025 (V$ELK1_02),1378,R,14,AGGCTTCCGCGCGG ,8.54,0.61,0.534,7.46,0.9,1,0.92,0.73,0.01
T01043 T01045 T00972 HSF2,M00147 (V$HSF2_01),695,R,10,AGATGATTCC ,10.57,1.06,0.863,1.68,0.36,0.99,0.97,0.57,0.38
_00000 Ga,I00174 (Ga),1185,N,8,AACCTCCC ,8.26,1.03,0.566,6.34,0.94,0.75,0.86,0.94,0.53
_00000 TTF-1,I00022 (TTF-1),992,R,8,CTTGACAC ,8.55,1.07,0.644,4.73,0.91,1,0.81,1,0.44
T00997 T00996 SRY,M00160 (V$SRY_02),941,R,12,AGAATTGTATTT ,8.55,0.71,0.56,6.72,0.89,1,0.89,0.9,0.84
_00000 NF1,I00296 (NF1),1503,R,6,GCCCAG ,6.53,1.09,0.628,3.87,1,0.81,0.82,1,0.00049
_00000 AP-1,I00270 (AP-1),553,R,7,GGAGTCA ,12.59,1.8,1,0,0.22,1,1,0,0.31
T00036 AP-4,M00176 (V$AP4_Q6),908,N,10,CTCAGCGCGC ,10.13,1.01,0.673,4.93,0.58,1,0.85,0.98,0.21
_00000 LBP-1,I00191 (LBP-1),1995,N,5,ACTGG ,7.48,1.5,0.884,0.98,1,0.92,0.98,0.98,0.11
_00000 E1A-F,I00128 (E1A-F),1436,N,7,AGGAAGT ,11.46,1.64,0.904,1.22,0.52,0.89,0.96,0.39,0.018
_00000 LBP-1,I00191 (LBP-1),182,R,5,CCAGC ,7.48,1.5,0.884,0.98,1,0.92,0.98,0.98,0.11
_00000 GR/PR,I00104 (GR/PR),221,N,6,TTTTCT ,6.16,1.03,0.566,4.72,1,0.74,0.8,1,0.064
_00000 TFIID,I00259 (TFIID),442,R,6,TGAATA ,7.76,1.29,0.753,2.55,1,0.91,0.93,1,0.98
_00000 CBF1,I00304 (CBF1),522,N,8,GTCACGTG ,8.8,1.1,0.581,6.34,0.22,1,0.95,0.11,0.45
_00000 HSF-2,I00211 (HSF-2),79,R,8,GAATTTTC ,8.26,1.03,0.566,6.34,0.94,0.75,0.86,0.94,0.15
_00000 HSF-2,I00211 (HSF-2),1152,R,8,AAGTCTTC ,8.26,1.03,0.566,6.34,0.94,1,0.86,0.94,0.15
_00000 TEF1/GT-IIC,I00028 (TEF1/GT-IIC),899,N,8,TGGCATGT ,11.71,1.46,0.827,2.44,0.35,0.83,0.93,0.17,0.33
_00000 YY1,I00012 (YY1),1673,R,9,GTTGGAGGG ,6.25,0.69,0.484,6.65,1,0.98,0.84,1,0.82
_00000 GCF,I00152 (GCF),1464,R,8,AGCCCCGG ,11.01,1.38,0.876,1.56,0.62,0.86,0.94,0.52,0.00023
_00000 CP2,I00132 (CP2),1088,R,5,GTTGG ,7.02,1.4,0.829,1.45,1,1,0.91,1,0.31
_00000 ER,I00276 (ER),602,N,5,TGACC ,9.96,1.99,1,0,0.98,1,1,0,0.1
_00000 RAR-alpha1,I00401 (RAR-alpha1),253,R,9,CACAGTTCA ,8.12,0.9,0.549,6.67,0.79,0.8,0.79,1,0.14
_00000 RFX2,I00406 (RFX2),651,R,6,CAGATG ,11.21,1.87,1,0,0.62,1,1,0,0.58
_00000 LBP-1,I00191 (LBP-1),1212,N,5,GCTGG ,7.48,1.5,0.884,0.98,1,0.92,0.98,0.98,0.11
